{
    "name": "root",
    "gauges": {
        "ZombieWalker.Policy.Entropy.mean": {
            "value": 1.0437287092208862,
            "min": 1.0070174932479858,
            "max": 1.4211570024490356,
            "count": 100
        },
        "ZombieWalker.Policy.Entropy.sum": {
            "value": 10420.5869140625,
            "min": 9809.38671875,
            "max": 15280.2802734375,
            "count": 100
        },
        "ZombieWalker.Step.mean": {
            "value": 999987.0,
            "min": 9984.0,
            "max": 999987.0,
            "count": 100
        },
        "ZombieWalker.Step.sum": {
            "value": 999987.0,
            "min": 9984.0,
            "max": 999987.0,
            "count": 100
        },
        "ZombieWalker.Policy.ExtrinsicValueEstimate.mean": {
            "value": -9.255888938903809,
            "min": -10.410181999206543,
            "max": 9.693857192993164,
            "count": 100
        },
        "ZombieWalker.Policy.ExtrinsicValueEstimate.sum": {
            "value": -1462.430419921875,
            "min": -1665.629150390625,
            "max": 1551.01708984375,
            "count": 100
        },
        "ZombieWalker.Losses.PolicyLoss.mean": {
            "value": 0.27248825677943334,
            "min": 0.23048506676767413,
            "max": 0.2960408427097193,
            "count": 100
        },
        "ZombieWalker.Losses.PolicyLoss.sum": {
            "value": 13.0794363254128,
            "min": 3.033102330517023,
            "max": 18.9872732227346,
            "count": 100
        },
        "ZombieWalker.Losses.ValueLoss.mean": {
            "value": 72.52140815910926,
            "min": 9.172617237052087e-05,
            "max": 20009013.97310338,
            "count": 100
        },
        "ZombieWalker.Losses.ValueLoss.sum": {
            "value": 3481.0275916372443,
            "min": 0.0024766066540040637,
            "max": 800360558.9241353,
            "count": 100
        },
        "ZombieWalker.Policy.LearningRate.mean": {
            "value": 1.4188495270833358e-06,
            "min": 1.4188495270833358e-06,
            "max": 0.0002983872005376,
            "count": 100
        },
        "ZombieWalker.Policy.LearningRate.sum": {
            "value": 6.810477730000012e-05,
            "min": 6.810477730000012e-05,
            "max": 0.008459008180331,
            "count": 100
        },
        "ZombieWalker.Policy.Epsilon.mean": {
            "value": 0.10000000000000002,
            "min": 0.09999999999999995,
            "max": 0.10000000000000003,
            "count": 100
        },
        "ZombieWalker.Policy.Epsilon.sum": {
            "value": 4.800000000000001,
            "min": 1.3000000000000003,
            "max": 6.699999999999999,
            "count": 100
        },
        "ZombieWalker.Policy.Beta.mean": {
            "value": 0.0005,
            "min": 0.0005,
            "max": 0.0005000000000000003,
            "count": 100
        },
        "ZombieWalker.Policy.Beta.sum": {
            "value": 0.024,
            "min": 0.006500000000000004,
            "max": 0.0335,
            "count": 100
        },
        "ZombieWalker.IsTraining.mean": {
            "value": 1.0,
            "min": 1.0,
            "max": 1.0,
            "count": 100
        },
        "ZombieWalker.IsTraining.sum": {
            "value": 1.0,
            "min": 1.0,
            "max": 1.0,
            "count": 100
        },
        "ZombieWalker.Environment.EpisodeLength.mean": {
            "value": 999.0,
            "min": 795.4545454545455,
            "max": 999.0,
            "count": 98
        },
        "ZombieWalker.Environment.EpisodeLength.sum": {
            "value": 2997.0,
            "min": 1998.0,
            "max": 12626.0,
            "count": 98
        },
        "ZombieWalker.Environment.CumulativeReward.mean": {
            "value": 0.3333333333333333,
            "min": -0.16666666666666666,
            "max": 1.5,
            "count": 98
        },
        "ZombieWalker.Environment.CumulativeReward.sum": {
            "value": 1.0,
            "min": -1.0,
            "max": 13.0,
            "count": 98
        },
        "ZombieWalker.Policy.ExtrinsicReward.mean": {
            "value": 0.3333333333333333,
            "min": -0.16666666666666666,
            "max": 1.5,
            "count": 98
        },
        "ZombieWalker.Policy.ExtrinsicReward.sum": {
            "value": 1.0,
            "min": -1.0,
            "max": 13.0,
            "count": 98
        }
    },
    "metadata": {
        "timer_format_version": "0.1.0",
        "start_time_seconds": "1711382198",
        "python_version": "3.9.13 (tags/v3.9.13:6de2ca5, May 17 2022, 16:36:42) [MSC v.1929 64 bit (AMD64)]",
        "command_line_arguments": "C:\\Users\\01add\\Documents\\GitHub\\BachelorThesis\\venv\\Scripts\\mlagents-learn config/ZombieWalker.yaml --run-id=AdrianColTest15 --force",
        "mlagents_version": "0.30.0",
        "mlagents_envs_version": "0.30.0",
        "communication_protocol_version": "1.5.0",
        "pytorch_version": "2.2.0+cpu",
        "numpy_version": "1.21.2",
        "end_time_seconds": "1711385200"
    },
    "total": 3001.5023452,
    "count": 1,
    "self": 0.008477599999423546,
    "children": {
        "run_training.setup": {
            "total": 0.09634849999999995,
            "count": 1,
            "self": 0.09634849999999995
        },
        "TrainerController.start_learning": {
            "total": 3001.3975191000004,
            "count": 1,
            "self": 1.6570203999453952,
            "children": {
                "TrainerController._reset_env": {
                    "total": 6.534683899999999,
                    "count": 1,
                    "self": 6.534683899999999
                },
                "TrainerController.advance": {
                    "total": 2993.149269400055,
                    "count": 83723,
                    "self": 1.6297207000543494,
                    "children": {
                        "env_step": {
                            "total": 980.4966012000483,
                            "count": 83723,
                            "self": 901.494357599962,
                            "children": {
                                "SubprocessEnvManager._take_step": {
                                    "total": 77.96549230004922,
                                    "count": 83724,
                                    "self": 5.08360120007309,
                                    "children": {
                                        "TorchPolicy.evaluate": {
                                            "total": 72.88189109997613,
                                            "count": 83361,
                                            "self": 72.88189109997613
                                        }
                                    }
                                },
                                "workers": {
                                    "total": 1.0367513000371016,
                                    "count": 83723,
                                    "self": 0.0,
                                    "children": {
                                        "worker_root": {
                                            "total": 2986.551255799981,
                                            "count": 83723,
                                            "is_parallel": true,
                                            "self": 2192.454896699969,
                                            "children": {
                                                "steps_from_proto": {
                                                    "total": 0.001245300000000782,
                                                    "count": 2,
                                                    "is_parallel": true,
                                                    "self": 0.00022900000000003473,