{
    "name": "root",
    "gauges": {
        "ZombieWalker.Policy.Entropy.mean": {
            "value": 0.49366843700408936,
            "min": 0.4935729205608368,
            "max": 1.405510663986206,
            "count": 500
        },
        "ZombieWalker.Policy.Entropy.sum": {
            "value": 4970.25390625,
            "min": 4829.23974609375,
            "max": 15112.05078125,
            "count": 500
        },
        "ZombieWalker.Step.mean": {
            "value": 4999977.0,
            "min": 9984.0,
            "max": 4999977.0,
            "count": 500
        },
        "ZombieWalker.Step.sum": {
            "value": 4999977.0,
            "min": 9984.0,
            "max": 4999977.0,
            "count": 500
        },
        "ZombieWalker.Policy.ExtrinsicValueEstimate.mean": {
            "value": 0.17656543850898743,
            "min": -0.048754721879959106,
            "max": 0.4496583640575409,
            "count": 500
        },
        "ZombieWalker.Policy.ExtrinsicValueEstimate.sum": {
            "value": 29.486427307128906,
            "min": -7.60573673248291,
            "max": 83.18679809570312,
            "count": 500
        },
        "ZombieWalker.Losses.PolicyLoss.mean": {
            "value": 0.2444437322585877,
            "min": 0.22900999347776202,
            "max": 0.31415837161009713,
            "count": 500
        },
        "ZombieWalker.Losses.PolicyLoss.sum": {
            "value": 19.06661111616984,
            "min": 3.126645128479109,
            "max": 24.19019461397748,
            "count": 500
        },
        "ZombieWalker.Losses.ValueLoss.mean": {
            "value": 0.00622192507844014,
            "min": 5.505905037922995e-05,
            "max": 0.7226188349894419,
            "count": 500
        },
        "ZombieWalker.Losses.ValueLoss.sum": {
            "value": 0.48531015611833095,
            "min": 0.0014865943602392086,
            "max": 54.19641262420814,
            "count": 500
        },
        "ZombieWalker.Policy.LearningRate.mean": {
            "value": 3.0231913002948764e-07,
            "min": 3.0231913002948764e-07,
            "max": 0.00029967744010751996,
            "count": 500
        },
        "ZombieWalker.Policy.LearningRate.sum": {
            "value": 2.3580892142300035e-05,
            "min": 2.3580892142300035e-05,
            "max": 0.02306025765324752,
            "count": 500
        },
        "ZombieWalker.Policy.Epsilon.mean": {
            "value": 0.10010073974358975,
            "min": 0.10010073974358975,
            "max": 0.19989247999999998,
            "count": 500
        },
        "ZombieWalker.Policy.Epsilon.sum": {
            "value": 7.8078577000000005,
            "min": 2.59354034,
            "max": 15.586752480000003,
            "count": 500
        },
        "ZombieWalker.Policy.Beta.mean": {
            "value": 0.0005000000000000001,
            "min": 0.0005,
            "max": 0.0005000000000000003,
            "count": 500
        },
        "ZombieWalker.Policy.Beta.sum": {
            "value": 0.03900000000000001,
            "min": 0.006500000000000004,
            "max": 0.04000000000000001,
            "count": 500
        },
        "ZombieWalker.IsTraining.mean": {
            "value": 1.0,
            "min": 1.0,
            "max": 1.0,
            "count": 500
        },
        "ZombieWalker.IsTraining.sum": {
            "value": 1.0,
            "min": 1.0,
            "max": 1.0,
            "count": 500
        },
        "ZombieWalker.Environment.EpisodeLength.mean": {
            "value": 453.1904761904762,
            "min": 157.17241379310346,
            "max": 999.0,
            "count": 499
        },
        "ZombieWalker.Environment.EpisodeLength.sum": {
            "value": 9517.0,
            "min": 871.0,
            "max": 13782.0,
            "count": 499
        },
        "ZombieWalker.Environment.CumulativeReward.mean": {
            "value": 0.8095238095238095,
            "min": -0.07692307692307693,
            "max": 0.9743589743589743,
            "count": 499
        },
        "ZombieWalker.Environment.CumulativeReward.sum": {
            "value": 17.0,
            "min": -1.0,
            "max": 56.0,
            "count": 499
        },
        "ZombieWalker.Policy.ExtrinsicReward.mean": {
            "value": 0.8095238095238095,
            "min": -0.07692307692307693,
            "max": 0.9743589743589743,
            "count": 499
        },
        "ZombieWalker.Policy.ExtrinsicReward.sum": {
            "value": 17.0,
            "min": -1.0,
            "max": 56.0,
            "count": 499
        }
    },
    "metadata": {
        "timer_format_version": "0.1.0",
        "start_time_seconds": "1712323537",
        "python_version": "3.9.13 (tags/v3.9.13:6de2ca5, May 17 2022, 16:36:42) [MSC v.1929 64 bit (AMD64)]",
        "command_line_arguments": "C:\\Github Repositories\\BachelorThesis\\venv\\Scripts\\mlagents-learn config/ZombieWalker.yaml --run-id=fresh1",
        "mlagents_version": "0.30.0",
        "mlagents_envs_version": "0.30.0",
        "communication_protocol_version": "1.5.0",
        "pytorch_version": "2.2.0+cpu",
        "numpy_version": "1.21.2",
        "end_time_seconds": "1712331661"
    },
    "total": 8123.6157065,
    "count": 1,
    "self": 0.015703299999586307,
    "children": {
        "run_training.setup": {
            "total": 0.09304140000000016,
            "count": 1,
            "self": 0.09304140000000016
        },
        "TrainerController.start_learning": {
            "total": 8123.5069618,
            "count": 1,
            "self": 5.541624799755482,
            "children": {
                "TrainerController._reset_env": {
                    "total": 7.2901904,
                    "count": 1,
                    "self": 7.2901904
                },
                "TrainerController.advance": {
                    "total": 8110.642212100244,
                    "count": 428883,
                    "self": 4.927940100434171,
                    "children": {
                        "env_step": {
                            "total": 2942.3232003998382,
                            "count": 428883,
                            "self": 2728.3312402995602,
                            "children": {
                                "SubprocessEnvManager._take_step": {
                                    "total": 210.70980980032223,
                                    "count": 428883,
                                    "self": 16.02009130022512,
                                    "children": {
                                        "TorchPolicy.evaluate": {
                                            "total": 194.68971850009711,
                                            "count": 416707,
                                            "self": 194.68971850009711
                                        }
                                    }
                                },
                                "workers": {
                                    "total": 3.2821502999556778,
                                    "count": 428883,
                                    "self": 0.0,
                                    "children": {
                                        "worker_root": {
                                            "total": 8110.763855100025,
                                            "count": 428883,
                                            "is_parallel": true,
                                            "self": 5706.869766199846,
                                            "children": {
                                                "steps_from_proto": {
                                                    "total": 0.0007571000000003991,
                                                    "count": 1,
                                                    "is_parallel": true,