{
    "name": "root",
    "gauges": {
        "ZombieWalker.Policy.Entropy.mean": {
            "value": -1.2043366432189941,
            "min": -1.2044135332107544,
            "max": -0.0653790608048439,
            "count": 666
        },
        "ZombieWalker.Policy.Entropy.sum": {
            "value": -36187.90625,
            "min": -36204.30078125,
            "max": -1959.27978515625,
            "count": 666
        },
        "ZombieWalker.Environment.EpisodeLength.mean": {
            "value": 18.258664955070603,
            "min": 14.973922299095264,
            "max": 18.774555042847727,
            "count": 666
        },
        "ZombieWalker.Environment.EpisodeLength.sum": {
            "value": 28447.0,
            "min": 28125.0,
            "max": 28497.0,
            "count": 666
        },
        "ZombieWalker.Step.mean": {
            "value": 19979987.0,
            "min": 29990.0,
            "max": 19979987.0,
            "count": 666
        },
        "ZombieWalker.Step.sum": {
            "value": 19979987.0,
            "min": 29990.0,
            "max": 19979987.0,
            "count": 666
        },
        "ZombieWalker.Policy.ExtrinsicValueEstimate.mean": {
            "value": 7.269415378570557,
            "min": 2.9222397804260254,
            "max": 7.909483432769775,
            "count": 666
        },
        "ZombieWalker.Policy.ExtrinsicValueEstimate.sum": {
            "value": 11325.7490234375,
            "min": 5344.7763671875,
            "max": 12312.9970703125,
            "count": 666
        },
        "ZombieWalker.Environment.CumulativeReward.mean": {
            "value": 11.6935608494496,
            "min": 4.632329577155423,
            "max": 12.657212640668698,
            "count": 666
        },
        "ZombieWalker.Environment.CumulativeReward.sum": {
            "value": 18218.567803442478,
            "min": 8472.53079661727,
            "max": 19625.021324694157,
            "count": 666
        },
        "ZombieWalker.Policy.ExtrinsicReward.mean": {
            "value": 11.6935608494496,
            "min": 4.632329577155423,
            "max": 12.657212640668698,
            "count": 666
        },
        "ZombieWalker.Policy.ExtrinsicReward.sum": {
            "value": 18218.567803442478,
            "min": 8472.53079661727,
            "max": 19625.021324694157,
            "count": 666
        },
        "ZombieWalker.Losses.PolicyLoss.mean": {
            "value": 0.24444655349663444,
            "min": 0.232621765860683,
            "max": 0.24821852277624695,
            "count": 666
        },
        "ZombieWalker.Losses.PolicyLoss.sum": {
            "value": 65.02278323010476,
            "min": 62.41968605195279,
            "max": 67.16574316109683,
            "count": 666
        },
        "ZombieWalker.Losses.ValueLoss.mean": {
            "value": 4.583669068752767,
            "min": 2.096047326953699,
            "max": 5648.1511659584985,
            "count": 666
        },
        "ZombieWalker.Losses.ValueLoss.sum": {
            "value": 1219.2559722882359,
            "min": 565.9327782774988,
            "max": 1541945.26830667,
            "count": 666
        },
        "ZombieWalker.Policy.LearningRate.mean": {
            "value": 5.24548603379229e-07,
            "min": 5.24548603379229e-07,
            "max": 0.00029977500436071286,
            "count": 666
        },
        "ZombieWalker.Policy.LearningRate.sum": {
            "value": 0.0001395299284988749,
            "min": 0.0001395299284988749,
            "max": 0.0818385761904746,
            "count": 666
        },
        "ZombieWalker.Policy.Epsilon.mean": {
            "value": 0.1001748162593985,
            "min": 0.1001748162593985,
            "max": 0.19992500142857142,
            "count": 666
        },
        "ZombieWalker.Policy.Epsilon.sum": {
            "value": 26.646501125,
            "min": 26.442334665,
            "max": 54.656050795000006,
            "count": 666
        },
        "ZombieWalker.Policy.Beta.mean": {
            "value": 0.0005000000000000001,
            "min": 0.0005,
            "max": 0.0005000000000000001,
            "count": 666
        },
        "ZombieWalker.Policy.Beta.sum": {
            "value": 0.13300000000000003,
            "min": 0.13100000000000003,
            "max": 0.139,
            "count": 666
        },
        "ZombieWalker.IsTraining.mean": {
            "value": 1.0,
            "min": 1.0,
            "max": 1.0,
            "count": 666
        },
        "ZombieWalker.IsTraining.sum": {
            "value": 1.0,
            "min": 1.0,
            "max": 1.0,
            "count": 666
        }
    },
    "metadata": {
        "timer_format_version": "0.1.0",
        "start_time_seconds": "1714608566",
        "python_version": "3.9.13 (tags/v3.9.13:6de2ca5, May 17 2022, 16:36:42) [MSC v.1929 64 bit (AMD64)]",
        "command_line_arguments": "C:\\Github Repositories\\BachelorThesis\\venv\\Scripts\\mlagents-learn config/ZombieWalker.yaml --initialize-from=AdrianResetTest --run-id=ArvidWalkTest",
        "mlagents_version": "0.30.0",
        "mlagents_envs_version": "0.30.0",
        "communication_protocol_version": "1.5.0",
        "pytorch_version": "2.2.0+cpu",
        "numpy_version": "1.21.2",
        "end_time_seconds": "1714643213"
    },
    "total": 34645.738998,
    "count": 1,
    "self": 0.014772300004551653,
    "children": {
        "run_training.setup": {
            "total": 0.08758459999999957,
            "count": 1,
            "self": 0.08758459999999957
        },
        "TrainerController.start_learning": {
            "total": 34645.6366411,
            "count": 1,
            "self": 24.79659860038373,
            "children": {
                "TrainerController._reset_env": {
                    "total": 7.741815999999999,
                    "count": 1,
                    "self": 7.741815999999999
                },
                "TrainerController.advance": {
                    "total": 34613.06409799961,
                    "count": 2084409,
                    "self": 22.503462196546025,
                    "children": {
                        "env_step": {
                            "total": 11077.992150704365,
                            "count": 2084409,
                            "self": 10443.44695230387,
                            "children": {
                                "SubprocessEnvManager._take_step": {
                                    "total": 619.6847124983569,
                                    "count": 2084409,
                                    "self": 50.80366069765671,
                                    "children": {
                                        "TorchPolicy.evaluate": {
                                            "total": 568.8810518007002,
                                            "count": 1250011,
                                            "self": 568.8810518007002
                                        }
                                    }
                                },
                                "workers": {
                                    "total": 14.860485902139045,
                                    "count": 2084409,
                                    "self": 0.0,
                                    "children": {
                                        "worker_root": {
                                            "total": 34609.68719770028,
                                            "count": 2084409,
                                            "is_parallel": true,
                                            "self": 25542.5602884008,
                                            "children": {
                                                "steps_from_proto": {
                                                    "total": 0.0006539000000005402,
                                                    "count": 1,