{
    "name": "root",
    "gauges": {
        "ZombieWalker.Policy.Entropy.mean": {
            "value": 0.5152958631515503,
            "min": 0.5152958631515503,
            "max": 0.9576003551483154,
            "count": 50
        },
        "ZombieWalker.Policy.Entropy.sum": {
            "value": 5138.5302734375,
            "min": 5138.5302734375,
            "max": 9629.62890625,
            "count": 50
        },
        "ZombieWalker.Environment.EpisodeLength.mean": {
            "value": 7.841592920353983,
            "min": 7.559931506849315,
            "max": 10.195968645016798,
            "count": 50
        },
        "ZombieWalker.Environment.EpisodeLength.sum": {
            "value": 8861.0,
            "min": 8830.0,
            "max": 9105.0,
            "count": 50
        },
        "ZombieWalker.Step.mean": {
            "value": 499991.0,
            "min": 9996.0,
            "max": 499991.0,
            "count": 50
        },
        "ZombieWalker.Step.sum": {
            "value": 499991.0,
            "min": 9996.0,
            "max": 499991.0,
            "count": 50
        },
        "ZombieWalker.Policy.ExtrinsicValueEstimate.mean": {
            "value": -1.0101449489593506,
            "min": -1.0231459140777588,
            "max": -0.9296846985816956,
            "count": 50
        },
        "ZombieWalker.Policy.ExtrinsicValueEstimate.sum": {
            "value": -1141.4637451171875,
            "min": -1157.177978515625,
            "max": -849.2875366210938,
            "count": 50
        },
        "ZombieWalker.Environment.CumulativeReward.mean": {
            "value": -1.0790630471389906,
            "min": -1.0790630471389906,
            "max": -1.0003184776577314,
            "count": 50
        },
        "ZombieWalker.Environment.CumulativeReward.sum": {
            "value": -1219.3412432670593,
            "min": -1219.3412432670593,
            "max": -898.2780333161354,
            "count": 50
        },
        "ZombieWalker.Policy.ExtrinsicReward.mean": {
            "value": -1.0790630471389906,
            "min": -1.0790630471389906,
            "max": -1.0003184776577314,
            "count": 50
        },
        "ZombieWalker.Policy.ExtrinsicReward.sum": {
            "value": -1219.3412432670593,
            "min": -1219.3412432670593,
            "max": -898.2780333161354,
            "count": 50
        },
        "ZombieWalker.Losses.PolicyLoss.mean": {
            "value": 0.24150526406938183,
            "min": 0.22881107057550495,
            "max": 0.24742965798778774,
            "count": 50
        },
        "ZombieWalker.Losses.PolicyLoss.sum": {
            "value": 22.45998955845251,
            "min": 21.050618492946455,
            "max": 23.01095819286426,
            "count": 50
        },
        "ZombieWalker.Losses.ValueLoss.mean": {
            "value": 0.020068720378620904,
            "min": 0.014846846961742564,
            "max": 1.1838053787143141,
            "count": 50
        },
        "ZombieWalker.Losses.ValueLoss.sum": {
            "value": 1.866390995211744,
            "min": 1.3807567674420584,
            "max": 110.09390022043121,
            "count": 50
        },
        "ZombieWalker.Policy.LearningRate.mean": {
            "value": 3.0031764183290318e-06,
            "min": 3.0031764183290318e-06,
            "max": 0.0002969712336182848,
            "count": 50
        },
        "ZombieWalker.Policy.LearningRate.sum": {
            "value": 0.00027929540690459995,
            "min": 0.00027929540690459995,
            "max": 0.0273213534928822,
            "count": 50
        },
        "ZombieWalker.Policy.Epsilon.mean": {
            "value": 0.1010010258064516,
            "min": 0.1010010258064516,
            "max": 0.19899041086956523,
            "count": 50
        },
        "ZombieWalker.Policy.Epsilon.sum": {
            "value": 9.393095399999998,
            "min": 9.393095399999998,
            "max": 18.3213516,
            "count": 50
        },
        "ZombieWalker.Policy.Beta.mean": {
            "value": 0.0005000000000000001,
            "min": 0.0005000000000000001,
            "max": 0.0005000000000000001,
            "count": 50
        },
        "ZombieWalker.Policy.Beta.sum": {
            "value": 0.046500000000000014,
            "min": 0.04600000000000001,
            "max": 0.047000000000000014,
            "count": 50
        },
        "ZombieWalker.IsTraining.mean": {
            "value": 1.0,
            "min": 1.0,
            "max": 1.0,
            "count": 50
        },
        "ZombieWalker.IsTraining.sum": {
            "value": 1.0,
            "min": 1.0,
            "max": 1.0,
            "count": 50
        }
    },
    "metadata": {
        "timer_format_version": "0.1.0",
        "start_time_seconds": "1709305781",
        "python_version": "3.9.13 (tags/v3.9.13:6de2ca5, May 17 2022, 16:36:42) [MSC v.1929 64 bit (AMD64)]",
        "command_line_arguments": "C:\\Github Repositories\\BachelorThesis\\venv\\Scripts\\mlagents-learn config/ZombieWalker.yaml --initialize-from=test1 --run-id=test2",
        "mlagents_version": "0.30.0",
        "mlagents_envs_version": "0.30.0",
        "communication_protocol_version": "1.5.0",
        "pytorch_version": "2.2.0+cpu",
        "numpy_version": "1.21.2",
        "end_time_seconds": "1709306954"
    },
    "total": 1173.3067479,
    "count": 1,
    "self": 0.006623799999943003,
    "children": {
        "run_training.setup": {
            "total": 0.08201270000000016,
            "count": 1,
            "self": 0.08201270000000016
        },
        "TrainerController.start_learning": {
            "total": 1173.2181114,
            "count": 1,
            "self": 1.5134775000167338,
            "children": {
                "TrainerController._reset_env": {
                    "total": 7.668234399999999,
                    "count": 1,
                    "self": 7.668234399999999
                },
                "TrainerController.advance": {
                    "total": 1163.9999784999832,
                    "count": 80136,
                    "self": 1.3265046999792958,
                    "children": {
                        "env_step": {
                            "total": 463.6846925999987,
                            "count": 80136,
                            "self": 433.51435550001264,
                            "children": {
                                "SubprocessEnvManager._take_step": {
                                    "total": 29.338202600007538,
                                    "count": 80136,
                                    "self": 2.2641408999987753,
                                    "children": {
                                        "TorchPolicy.evaluate": {
                                            "total": 27.074061700008762,
                                            "count": 41671,
                                            "self": 27.074061700008762
                                        }
                                    }
                                },
                                "workers": {
                                    "total": 0.8321344999784994,
                                    "count": 80136,
                                    "self": 0.0,
                                    "children": {
                                        "worker_root": {
                                            "total": 1164.5790331999983,
                                            "count": 80136,
                                            "is_parallel": true,
                                            "self": 797.4329483999761,
                                            "children": {
                                                "steps_from_proto": {
                                                    "total": 0.0004764000000001545,
                                                    "count": 1,