{
    "name": "root",
    "gauges": {
        "ZombieWalker.Policy.Entropy.mean": {
            "value": 1.2953617572784424,
            "min": 1.1191385984420776,
            "max": 1.398341417312622,
            "count": 100
        },
        "ZombieWalker.Policy.Entropy.sum": {
            "value": 12963.98046875,
            "min": 10953.373046875,
            "max": 15034.966796875,
            "count": 100
        },
        "ZombieWalker.Step.mean": {
            "value": 999976.0,
            "min": 9984.0,
            "max": 999976.0,
            "count": 100
        },
        "ZombieWalker.Step.sum": {
            "value": 999976.0,
            "min": 9984.0,
            "max": 999976.0,
            "count": 100
        },
        "ZombieWalker.Policy.ExtrinsicValueEstimate.mean": {
            "value": 0.03297858312726021,
            "min": -98926120.0,
            "max": 6411567.5,
            "count": 100
        },
        "ZombieWalker.Policy.ExtrinsicValueEstimate.sum": {
            "value": 5.210616111755371,
            "min": -15828178944.0,
            "max": 1025850816.0,
            "count": 100
        },
        "ZombieWalker.Losses.PolicyLoss.mean": {
            "value": 0.24670299773070437,
            "min": 0.21870860063975292,
            "max": 0.3562785742993726,
            "count": 100
        },
        "ZombieWalker.Losses.PolicyLoss.sum": {
            "value": 11.101634897881697,
            "min": 2.843211808316788,
            "max": 19.194532559870613,
            "count": 100
        },
        "ZombieWalker.Losses.ValueLoss.mean": {
            "value": 0.006923615834444628,
            "min": 0.0007631951979293796,
            "max": 5.707409583214332e+19,
            "count": 100
        },
        "ZombieWalker.Losses.ValueLoss.sum": {
            "value": 0.3115627125500083,
            "min": 0.01984307514616387,
            "max": 7.990373416500066e+20,
            "count": 100
        },
        "ZombieWalker.Policy.LearningRate.mean": {
            "value": 1.5869794710399975e-06,
            "min": 1.5869794710399975e-06,
            "max": 0.0002983872005376,
            "count": 100
        },
        "ZombieWalker.Policy.LearningRate.sum": {
            "value": 7.141407619679989e-05,
            "min": 7.141407619679989e-05,
            "max": 0.0096039297986912,
            "count": 100
        },
        "ZombieWalker.Policy.Epsilon.mean": {
            "value": 0.10052896000000003,
            "min": 0.10052896000000003,
            "max": 0.19946239999999998,
            "count": 100
        },
        "ZombieWalker.Policy.Epsilon.sum": {
            "value": 4.5238032000000015,
            "min": 1.3849160000000003,
            "max": 9.938904200000003,
            "count": 100
        },
        "ZombieWalker.Policy.Beta.mean": {
            "value": 0.0005000000000000001,
            "min": 0.0005,
            "max": 0.0005000000000000003,
            "count": 100
        },
        "ZombieWalker.Policy.Beta.sum": {
            "value": 0.022500000000000006,
            "min": 0.006500000000000004,
            "max": 0.037500000000000006,
            "count": 100
        },
        "ZombieWalker.IsTraining.mean": {
            "value": 1.0,
            "min": 1.0,
            "max": 1.0,
            "count": 100
        },
        "ZombieWalker.IsTraining.sum": {
            "value": 1.0,
            "min": 1.0,
            "max": 1.0,
            "count": 100
        },
        "ZombieWalker.Environment.EpisodeLength.mean": {
            "value": 999.0,
            "min": 503.25,
            "max": 999.0,
            "count": 93
        },
        "ZombieWalker.Environment.EpisodeLength.sum": {
            "value": 4995.0,
            "min": 999.0,
            "max": 13036.0,
            "count": 93
        },
        "ZombieWalker.Environment.CumulativeReward.mean": {
            "value": 0.8,
            "min": -0.25,
            "max": 1.0,
            "count": 94
        },
        "ZombieWalker.Environment.CumulativeReward.sum": {
            "value": 4.0,
            "min": -1.0,
            "max": 10.0,
            "count": 94
        },
        "ZombieWalker.Policy.ExtrinsicReward.mean": {
            "value": 0.8,
            "min": -0.25,
            "max": 1.0,
            "count": 94
        },
        "ZombieWalker.Policy.ExtrinsicReward.sum": {
            "value": 4.0,
            "min": -1.0,
            "max": 10.0,
            "count": 94
        }
    },
    "metadata": {
        "timer_format_version": "0.1.0",
        "start_time_seconds": "1711363833",
        "python_version": "3.9.13 (tags/v3.9.13:6de2ca5, May 17 2022, 16:36:42) [MSC v.1929 64 bit (AMD64)]",
        "command_line_arguments": "C:\\Users\\01add\\Documents\\GitHub\\BachelorThesis\\venv\\Scripts\\mlagents-learn config/ZombieWalker.yaml --run-id=AdrianColTest11",
        "mlagents_version": "0.30.0",
        "mlagents_envs_version": "0.30.0",
        "communication_protocol_version": "1.5.0",
        "pytorch_version": "2.2.0+cpu",
        "numpy_version": "1.21.2",
        "end_time_seconds": "1711368206"
    },
    "total": 4373.9068674,
    "count": 1,
    "self": 0.011271700000179408,
    "children": {
        "run_training.setup": {
            "total": 0.10117710000000013,
            "count": 1,
            "self": 0.10117710000000013
        },
        "TrainerController.start_learning": {
            "total": 4373.7944185999995,
            "count": 1,
            "self": 2.2151448999502463,
            "children": {
                "TrainerController._reset_env": {
                    "total": 8.6644738,
                    "count": 1,
                    "self": 8.6644738
                },
                "TrainerController.advance": {
                    "total": 4362.858578000049,
                    "count": 83687,
                    "self": 2.2747524000078556,
                    "children": {
                        "env_step": {
                            "total": 1307.8810493000135,
                            "count": 83687,
                            "self": 1185.7844677999308,
                            "children": {
                                "SubprocessEnvManager._take_step": {
                                    "total": 120.78547880004731,
                                    "count": 83688,
                                    "self": 7.426152500096322,
                                    "children": {
                                        "TorchPolicy.evaluate": {
                                            "total": 113.359326299951,
                                            "count": 83369,
                                            "self": 113.359326299951
                                        }
                                    }
                                },
                                "workers": {
                                    "total": 1.3111027000353275,
                                    "count": 83687,
                                    "self": 0.0,
                                    "children": {
                                        "worker_root": {
                                            "total": 4341.531686400102,
                                            "count": 83687,
                                            "is_parallel": true,
                                            "self": 3310.7051107001334,
                                            "children": {
                                                "steps_from_proto": {
                                                    "total": 0.0012913000000001063,
                                                    "count": 2,
                                                    "is_parallel": true,
                                                    "self": 0.00026500000000062585,