{
    "name": "root",
    "gauges": {
        "ZombieWalker.Policy.Entropy.mean": {
            "value": 0.1296006739139557,
            "min": 0.1296006739139557,
            "max": 0.6897349953651428,
            "count": 200
        },
        "ZombieWalker.Policy.Entropy.sum": {
            "value": 6440.63525390625,
            "min": 6440.63525390625,
            "max": 34442.60546875,
            "count": 200
        },
        "ZombieWalker.Step.mean": {
            "value": 9999954.0,
            "min": 49950.0,
            "max": 9999954.0,
            "count": 200
        },
        "ZombieWalker.Step.sum": {
            "value": 9999954.0,
            "min": 49950.0,
            "max": 9999954.0,
            "count": 200
        },
        "ZombieWalker.Policy.ExtrinsicValueEstimate.mean": {
            "value": 23.161380767822266,
            "min": 2.248305082321167,
            "max": 26.749223709106445,
            "count": 200
        },
        "ZombieWalker.Policy.ExtrinsicValueEstimate.sum": {
            "value": 19015.494140625,
            "min": 1818.87890625,
            "max": 22094.859375,
            "count": 200
        },
        "ZombieWalker.Losses.PolicyLoss.mean": {
            "value": 0.24285262625029902,
            "min": 0.23576021908949185,
            "max": 0.25339285665156663,
            "count": 200
        },
        "ZombieWalker.Losses.PolicyLoss.sum": {
            "value": 86.45553494510645,
            "min": 59.64733542964144,
            "max": 98.06303552415628,
            "count": 200
        },
        "ZombieWalker.Losses.ValueLoss.mean": {
            "value": 11.258672656897197,
            "min": 0.6325005287289011,
            "max": 43.831831923513015,
            "count": 200
        },
        "ZombieWalker.Losses.ValueLoss.sum": {
            "value": 4008.087465855402,
            "min": 240.9827014457113,
            "max": 16699.92796285846,
            "count": 200
        },
        "ZombieWalker.Policy.LearningRate.mean": {
            "value": 7.462207344390735e-07,
            "min": 7.462207344390735e-07,
            "max": 0.0002990950111712282,
            "count": 200
        },
        "ZombieWalker.Policy.LearningRate.sum": {
            "value": 0.00026565458146031017,
            "min": 0.00026565458146031017,
            "max": 0.1122999980766679,
            "count": 200
        },
        "ZombieWalker.Policy.Epsilon.mean": {
            "value": 0.10024870699438201,
            "min": 0.10024870699438201,
            "max": 0.19969833695652175,
            "count": 200
        },
        "ZombieWalker.Policy.Epsilon.sum": {
            "value": 35.68853969,
            "min": 35.68853969,
            "max": 76.73333207000002,
            "count": 200
        },
        "ZombieWalker.Policy.Beta.mean": {
            "value": 0.0005000000000000001,
            "min": 0.0005000000000000001,
            "max": 0.0005000000000000001,
            "count": 200
        },
        "ZombieWalker.Policy.Beta.sum": {
            "value": 0.17800000000000005,
            "min": 0.12650000000000003,
            "max": 0.19700000000000006,
            "count": 200
        },
        "ZombieWalker.Environment.EpisodeLength.mean": {
            "value": 588.5,
            "min": 474.93333333333334,
            "max": 979.25,
            "count": 200
        },
        "ZombieWalker.Environment.EpisodeLength.sum": {
            "value": 49434.0,
            "min": 43104.0,
            "max": 53245.0,
            "count": 200
        },
        "ZombieWalker.Environment.CumulativeReward.mean": {
            "value": 154.02362297260248,
            "min": 19.97740844732875,
            "max": 173.81193635345747,
            "count": 200
        },
        "ZombieWalker.Environment.CumulativeReward.sum": {
            "value": 12937.984329698607,
            "min": 1258.5767321817111,
            "max": 15687.972134099808,
            "count": 200
        },
        "ZombieWalker.Policy.ExtrinsicReward.mean": {
            "value": 154.02362297260248,
            "min": 19.97740844732875,
            "max": 173.81193635345747,
            "count": 200
        },
        "ZombieWalker.Policy.ExtrinsicReward.sum": {
            "value": 12937.984329698607,
            "min": 1258.5767321817111,
            "max": 15687.972134099808,
            "count": 200
        },
        "ZombieWalker.IsTraining.mean": {
            "value": 1.0,
            "min": 1.0,
            "max": 1.0,
            "count": 200
        },
        "ZombieWalker.IsTraining.sum": {
            "value": 1.0,
            "min": 1.0,
            "max": 1.0,
            "count": 200
        }
    },
    "metadata": {
        "timer_format_version": "0.1.0",
        "start_time_seconds": "1713348390",
        "python_version": "3.9.13 (tags/v3.9.13:6de2ca5, May 17 2022, 16:36:42) [MSC v.1929 64 bit (AMD64)]",
        "command_line_arguments": "C:\\Users\\01add\\Documents\\GitHub\\BachelorThesis\\venv\\Scripts\\mlagents-learn config/ZombieWalker.yaml --initialize-from=fresh11 --run-id=velocitytest1 --force",
        "mlagents_version": "0.30.0",
        "mlagents_envs_version": "0.30.0",
        "communication_protocol_version": "1.5.0",
        "pytorch_version": "2.2.0+cpu",
        "numpy_version": "1.21.2",
        "end_time_seconds": "1713375754"
    },
    "total": 27363.4230549,
    "count": 1,
    "self": 0.01226719999613124,
    "children": {
        "run_training.setup": {
            "total": 0.1093327000000004,
            "count": 1,
            "self": 0.1093327000000004
        },
        "TrainerController.start_learning": {
            "total": 27363.301455,
            "count": 1,
            "self": 14.455167099313257,
            "children": {
                "TrainerController._reset_env": {
                    "total": 16.4075478,
                    "count": 1,
                    "self": 16.4075478
                },
                "TrainerController.advance": {
                    "total": 27332.391997100687,
                    "count": 636663,
                    "self": 13.071167802336277,
                    "children": {
                        "env_step": {
                            "total": 8836.404348798544,
                            "count": 636663,
                            "self": 8241.609607699456,
                            "children": {
                                "SubprocessEnvManager._take_step": {
                                    "total": 586.6749074998752,
                                    "count": 636663,
                                    "self": 42.271293101920264,
                                    "children": {
                                        "TorchPolicy.evaluate": {
                                            "total": 544.4036143979549,
                                            "count": 625018,
                                            "self": 544.4036143979549
                                        }
                                    }
                                },
                                "workers": {
                                    "total": 8.119833599212594,
                                    "count": 636663,
                                    "self": 0.0,
                                    "children": {
                                        "worker_root": {
                                            "total": 27329.78409489959,
                                            "count": 636663,
                                            "is_parallel": true,
                                            "self": 19962.822377199365,
                                            "children": {
                                                "steps_from_proto": {
                                                    "total": 0.0006403000000005932,
                                                    "count": 1,