{
    "name": "root",
    "gauges": {
        "ZombieWalker.Policy.Entropy.mean": {
            "value": 0.7859656810760498,
            "min": 0.7859435677528381,
            "max": 1.4151204824447632,
            "count": 100
        },
        "ZombieWalker.Policy.Entropy.sum": {
            "value": 7771.62841796875,
            "min": 7771.62841796875,
            "max": 15215.375,
            "count": 100
        },
        "ZombieWalker.Step.mean": {
            "value": 999985.0,
            "min": 9984.0,
            "max": 999985.0,
            "count": 100
        },
        "ZombieWalker.Step.sum": {
            "value": 999985.0,
            "min": 9984.0,
            "max": 999985.0,
            "count": 100
        },
        "ZombieWalker.Policy.ExtrinsicValueEstimate.mean": {
            "value": 0.0022040242329239845,
            "min": -0.11263060569763184,
            "max": 0.10111686587333679,
            "count": 100
        },
        "ZombieWalker.Policy.ExtrinsicValueEstimate.sum": {
            "value": 0.35484790802001953,
            "min": -18.246158599853516,
            "max": 15.77423095703125,
            "count": 100
        },
        "ZombieWalker.Losses.PolicyLoss.mean": {
            "value": 0.23945444244405745,
            "min": 0.22364590916444127,
            "max": 0.250077156466589,
            "count": 100
        },
        "ZombieWalker.Losses.PolicyLoss.sum": {
            "value": 19.395809837968653,
            "min": 3.0907691256696745,
            "max": 19.751732627542662,
            "count": 100
        },
        "ZombieWalker.Losses.ValueLoss.mean": {
            "value": 0.0022607935306060978,
            "min": 1.335022521398351e-06,
            "max": 1.1953668028584141,
            "count": 100
        },
        "ZombieWalker.Losses.ValueLoss.sum": {
            "value": 0.18312427597909392,
            "min": 0.00010680180171186807,
            "max": 15.539768437159383,
            "count": 100
        },
        "ZombieWalker.Policy.LearningRate.mean": {
            "value": 1.5029106101740737e-06,
            "min": 1.5029106101740737e-06,
            "max": 0.0002983872005376,
            "count": 100
        },
        "ZombieWalker.Policy.LearningRate.sum": {
            "value": 0.00012173575942409998,
            "min": 0.00012173575942409998,
            "max": 0.018133797555401402,
            "count": 100
        },
        "ZombieWalker.Policy.Epsilon.mean": {
            "value": 0.10050093703703704,
            "min": 0.10050093703703704,
            "max": 0.19946239999999998,
            "count": 100
        },
        "ZombieWalker.Policy.Epsilon.sum": {
            "value": 8.1405759,
            "min": 2.5286144,
            "max": 13.844598600000001,
            "count": 100
        },
        "ZombieWalker.Policy.Beta.mean": {
            "value": 0.0005000000000000001,
            "min": 0.0005,
            "max": 0.0005000000000000003,
            "count": 100
        },
        "ZombieWalker.Policy.Beta.sum": {
            "value": 0.04050000000000001,
            "min": 0.006500000000000004,
            "max": 0.04050000000000001,
            "count": 100
        },
        "ZombieWalker.IsTraining.mean": {
            "value": 1.0,
            "min": 1.0,
            "max": 1.0,
            "count": 100
        },
        "ZombieWalker.IsTraining.sum": {
            "value": 1.0,
            "min": 1.0,
            "max": 1.0,
            "count": 100
        },
        "ZombieWalker.Environment.EpisodeLength.mean": {
            "value": 999.0,
            "min": 558.0,
            "max": 999.0,
            "count": 99
        },
        "ZombieWalker.Environment.EpisodeLength.sum": {
            "value": 11988.0,
            "min": 1116.0,
            "max": 12500.0,
            "count": 99
        },
        "ZombieWalker.Environment.CumulativeReward.mean": {
            "value": -0.08333333333333333,
            "min": -0.6666666666666666,
            "max": 0.5454545454545454,
            "count": 99
        },
        "ZombieWalker.Environment.CumulativeReward.sum": {
            "value": -1.0,
            "min": -4.0,
            "max": 6.0,
            "count": 99
        },
        "ZombieWalker.Policy.ExtrinsicReward.mean": {
            "value": -0.08333333333333333,
            "min": -0.6666666666666666,
            "max": 0.5454545454545454,
            "count": 99
        },
        "ZombieWalker.Policy.ExtrinsicReward.sum": {
            "value": -1.0,
            "min": -4.0,
            "max": 6.0,
            "count": 99
        }
    },
    "metadata": {
        "timer_format_version": "0.1.0",
        "start_time_seconds": "1710935777",
        "python_version": "3.9.13 (tags/v3.9.13:6de2ca5, May 17 2022, 16:36:42) [MSC v.1929 64 bit (AMD64)]",
        "command_line_arguments": "C:\\Users\\01add\\Documents\\GitHub\\BachelorThesis\\venv\\Scripts\\mlagents-learn config/ZombieWalker.yaml --run-id=AdrianColTest3",
        "mlagents_version": "0.30.0",
        "mlagents_envs_version": "0.30.0",
        "communication_protocol_version": "1.5.0",
        "pytorch_version": "2.2.0+cpu",
        "numpy_version": "1.21.2",
        "end_time_seconds": "1710938887"
    },
    "total": 3109.2524523,
    "count": 1,
    "self": 0.014646000000084314,
    "children": {
        "run_training.setup": {
            "total": 0.1043444,
            "count": 1,
            "self": 0.1043444
        },
        "TrainerController.start_learning": {
            "total": 3109.1334619,
            "count": 1,
            "self": 1.9126896000166198,
            "children": {
                "TrainerController._reset_env": {
                    "total": 9.308817,
                    "count": 1,
                    "self": 9.308817
                },
                "TrainerController.advance": {
                    "total": 3097.8499391999835,
                    "count": 84093,
                    "self": 1.70119050000676,
                    "children": {
                        "env_step": {
                            "total": 1016.6405673999609,
                            "count": 84093,
                            "self": 935.7301873999909,
                            "children": {
                                "SubprocessEnvManager._take_step": {
                                    "total": 79.82429580003424,
                                    "count": 84093,
                                    "self": 5.599528400060109,
                                    "children": {
                                        "TorchPolicy.evaluate": {
                                            "total": 74.22476739997413,
                                            "count": 83366,
                                            "self": 74.22476739997413
                                        }
                                    }
                                },
                                "workers": {
                                    "total": 1.0860841999357476,
                                    "count": 84093,
                                    "self": 0.0,
                                    "children": {
                                        "worker_root": {
                                            "total": 3098.6842155999834,
                                            "count": 84093,
                                            "is_parallel": true,
                                            "self": 2272.101846599948,
                                            "children": {
                                                "steps_from_proto": {
                                                    "total": 0.0014739999999999753,
                                                    "count": 1,
                                                    "is_parallel": true,
                                                    "self": 0.0004749000000003889,