{
    "name": "root",
    "gauges": {
        "ZombieWalker.Policy.Entropy.mean": {
            "value": 0.2740904688835144,
            "min": 0.10842719674110413,
            "max": 0.6437768936157227,
            "count": 300
        },
        "ZombieWalker.Policy.Entropy.sum": {
            "value": 2703.62841796875,
            "min": 1115.0653076171875,
            "max": 6536.88818359375,
            "count": 300
        },
        "ZombieWalker.Step.mean": {
            "value": 2999987.0,
            "min": 9954.0,
            "max": 2999987.0,
            "count": 300
        },
        "ZombieWalker.Step.sum": {
            "value": 2999987.0,
            "min": 9954.0,
            "max": 2999987.0,
            "count": 300
        },
        "ZombieWalker.Policy.ExtrinsicValueEstimate.mean": {
            "value": 0.09963274747133255,
            "min": -0.42429232597351074,
            "max": 0.24606913328170776,
            "count": 300
        },
        "ZombieWalker.Policy.ExtrinsicValueEstimate.sum": {
            "value": 16.439403533935547,
            "min": -68.73535919189453,
            "max": 40.35533905029297,
            "count": 300
        },
        "ZombieWalker.Losses.PolicyLoss.mean": {
            "value": 0.24270876386954393,
            "min": 0.23109413934402903,
            "max": 0.2537254118058007,
            "count": 300
        },
        "ZombieWalker.Losses.PolicyLoss.sum": {
            "value": 18.44586605408534,
            "min": 4.304756549552078,
            "max": 19.566405353554284,
            "count": 300
        },
        "ZombieWalker.Losses.ValueLoss.mean": {
            "value": 0.007317108034438443,
            "min": 6.022380938411835e-06,
            "max": 0.2413777763975969,
            "count": 300
        },
        "ZombieWalker.Losses.ValueLoss.sum": {
            "value": 0.5561002106173216,
            "min": 0.000439633808504064,
            "max": 18.344711006217363,
            "count": 300
        },
        "ZombieWalker.Policy.LearningRate.mean": {
            "value": 5.098919353324559e-07,
            "min": 5.098919353324559e-07,
            "max": 0.00029940014464439625,
            "count": 300
        },
        "ZombieWalker.Policy.LearningRate.sum": {
            "value": 3.8751787085266655e-05,
            "min": 3.8751787085266655e-05,
            "max": 0.022893617068794364,
            "count": 300
        },
        "ZombieWalker.Policy.Epsilon.mean": {
            "value": 0.1001699307017544,
            "min": 0.1001699307017544,
            "max": 0.19980004814814817,
            "count": 300
        },
        "ZombieWalker.Policy.Epsilon.sum": {
            "value": 7.612914733333334,
            "min": 3.596400866666667,
            "max": 15.431205633333333,
            "count": 300
        },
        "ZombieWalker.Policy.Beta.mean": {
            "value": 0.0005000000000000001,
            "min": 0.0005,
            "max": 0.0005000000000000002,
            "count": 300
        },
        "ZombieWalker.Policy.Beta.sum": {
            "value": 0.038000000000000006,
            "min": 0.009000000000000005,
            "max": 0.04000000000000001,
            "count": 300
        },
        "ZombieWalker.Environment.EpisodeLength.mean": {
            "value": 520.8823529411765,
            "min": 419.45454545454544,
            "max": 999.0,
            "count": 300
        },
        "ZombieWalker.Environment.EpisodeLength.sum": {
            "value": 8855.0,
            "min": 1503.0,
            "max": 13838.0,
            "count": 300
        },
        "ZombieWalker.Environment.CumulativeReward.mean": {
            "value": 0.35294117647058826,
            "min": -0.18181818181818182,
            "max": 1.0,
            "count": 300
        },
        "ZombieWalker.Environment.CumulativeReward.sum": {
            "value": 6.0,
            "min": -2.0,
            "max": 19.0,
            "count": 300
        },
        "ZombieWalker.Policy.ExtrinsicReward.mean": {
            "value": 0.35294117647058826,
            "min": -0.18181818181818182,
            "max": 1.0,
            "count": 300
        },
        "ZombieWalker.Policy.ExtrinsicReward.sum": {
            "value": 6.0,
            "min": -2.0,
            "max": 19.0,
            "count": 300
        },
        "ZombieWalker.IsTraining.mean": {
            "value": 1.0,
            "min": 1.0,
            "max": 1.0,
            "count": 300
        },
        "ZombieWalker.IsTraining.sum": {
            "value": 1.0,
            "min": 1.0,
            "max": 1.0,
            "count": 300
        }
    },
    "metadata": {
        "timer_format_version": "0.1.0",
        "start_time_seconds": "1712456558",
        "python_version": "3.9.13 (tags/v3.9.13:6de2ca5, May 17 2022, 16:36:42) [MSC v.1929 64 bit (AMD64)]",
        "command_line_arguments": "C:\\Github Repositories\\BachelorThesis\\venv\\Scripts\\mlagents-learn config/ZombieWalker.yaml --initialize-from=fresh2 --run-id=fresh3",
        "mlagents_version": "0.30.0",
        "mlagents_envs_version": "0.30.0",
        "communication_protocol_version": "1.5.0",
        "pytorch_version": "2.2.0+cpu",
        "numpy_version": "1.21.2",
        "end_time_seconds": "1712461434"
    },
    "total": 4876.6845303,
    "count": 1,
    "self": 0.005841200000759272,
    "children": {
        "run_training.setup": {
            "total": 0.07402330000000013,
            "count": 1,
            "self": 0.07402330000000013
        },
        "TrainerController.start_learning": {
            "total": 4876.6046658,
            "count": 1,
            "self": 3.0978358998509066,
            "children": {
                "TrainerController._reset_env": {
                    "total": 6.5588411,
                    "count": 1,
                    "self": 6.5588411
                },
                "TrainerController.advance": {
                    "total": 4866.914614600149,
                    "count": 253644,
                    "self": 2.8604334998572085,
                    "children": {
                        "env_step": {
                            "total": 1749.7648688001234,
                            "count": 253644,
                            "self": 1622.9329780002822,
                            "children": {
                                "SubprocessEnvManager._take_step": {
                                    "total": 124.91125249992527,
                                    "count": 253644,
                                    "self": 9.330168799767222,
                                    "children": {
                                        "TorchPolicy.evaluate": {
                                            "total": 115.58108370015805,
                                            "count": 250028,
                                            "self": 115.58108370015805
                                        }
                                    }
                                },
                                "workers": {
                                    "total": 1.9206382999159501,
                                    "count": 253644,
                                    "self": 0.0,
                                    "children": {
                                        "worker_root": {
                                            "total": 4866.951222100012,
                                            "count": 253644,
                                            "is_parallel": true,
                                            "self": 3435.4239520000647,
                                            "children": {
                                                "steps_from_proto": {
                                                    "total": 0.0006301999999998031,
                                                    "count": 1,
                                                    "is_parallel": true,