{
    "name": "root",
    "gauges": {
        "ZombieWalker.Policy.Entropy.mean": {
            "value": 0.23586112260818481,
            "min": 0.23586112260818481,
            "max": 0.478121280670166,
            "count": 666
        },
        "ZombieWalker.Policy.Entropy.sum": {
            "value": 7109.7978515625,
            "min": 5956.53369140625,
            "max": 14729.3828125,
            "count": 666
        },
        "ZombieWalker.Environment.EpisodeLength.mean": {
            "value": 967.258064516129,
            "min": 9.060362173038229,
            "max": 999.0,
            "count": 666
        },
        "ZombieWalker.Environment.EpisodeLength.sum": {
            "value": 29985.0,
            "min": 26241.0,
            "max": 31060.0,
            "count": 666
        },
        "ZombieWalker.Step.mean": {
            "value": 19979259.0,
            "min": 29999.0,
            "max": 19979259.0,
            "count": 666
        },
        "ZombieWalker.Step.sum": {
            "value": 19979259.0,
            "min": 29999.0,
            "max": 19979259.0,
            "count": 666
        },
        "ZombieWalker.Policy.ExtrinsicValueEstimate.mean": {
            "value": -0.017556849867105484,
            "min": -1.1286308765411377,
            "max": 10.380133628845215,
            "count": 666
        },
        "ZombieWalker.Policy.ExtrinsicValueEstimate.sum": {
            "value": -0.5442623496055603,
            "min": -3325.93408203125,
            "max": 18798.421875,
            "count": 666
        },
        "ZombieWalker.Environment.CumulativeReward.mean": {
            "value": -0.010722738908483617,
            "min": -0.9629008986255443,
            "max": 0.058231520922466494,
            "count": 666
        },
        "ZombieWalker.Environment.CumulativeReward.sum": {
            "value": -0.3324049061629921,
            "min": -2857.5516682863235,
            "max": 1.7469456276739947,
            "count": 666
        },
        "ZombieWalker.Policy.ExtrinsicReward.mean": {
            "value": -0.010722738908483617,
            "min": -0.9629008986255443,
            "max": 0.058231520922466494,
            "count": 666
        },
        "ZombieWalker.Policy.ExtrinsicReward.sum": {
            "value": -0.3324049061629921,
            "min": -2857.5516682863235,
            "max": 1.7469456276739947,
            "count": 666
        },
        "ZombieWalker.Losses.PolicyLoss.mean": {
            "value": 0.018149876149739917,
            "min": 0.010126326058525592,
            "max": 0.0764749360581239,
            "count": 666
        },
        "ZombieWalker.Losses.PolicyLoss.sum": {
            "value": 0.036299752299479834,
            "min": 0.010126326058525592,
            "max": 0.0764749360581239,
            "count": 666
        },
        "ZombieWalker.Losses.ValueLoss.mean": {
            "value": 0.0005882653402901876,
            "min": 0.0001902219630816641,
            "max": 89.24941137631734,
            "count": 666
        },
        "ZombieWalker.Losses.ValueLoss.sum": {
            "value": 0.0011765306805803751,
            "min": 0.0001902219630816641,
            "max": 89.24941137631734,
            "count": 666
        },
        "ZombieWalker.Policy.LearningRate.mean": {
            "value": 5.58834813754988e-07,
            "min": 5.58834813754988e-07,
            "max": 0.00029968408510530495,
            "count": 666
        },
        "ZombieWalker.Policy.LearningRate.sum": {
            "value": 1.117669627509976e-06,
            "min": 1.0323246559249975e-06,
            "max": 0.0005978315707228098,
            "count": 666
        },
        "ZombieWalker.Policy.Epsilon.mean": {
            "value": 0.10018624500000003,
            "min": 0.10018624500000003,
            "max": 0.19989469500000007,
            "count": 666
        },
        "ZombieWalker.Policy.Epsilon.sum": {
            "value": 0.20037249000000007,
            "min": 0.10034407500000005,
            "max": 0.39927718999999995,
            "count": 666
        },
        "ZombieWalker.Policy.Beta.mean": {
            "value": 1.92936254999998e-05,
            "min": 1.92936254999998e-05,
            "max": 0.004994745280500002,
            "count": 666
        },
        "ZombieWalker.Policy.Beta.sum": {
            "value": 3.85872509999996e-05,
            "min": 2.7169342499999967e-05,
            "max": 0.009963931781,
            "count": 666
        },
        "ZombieWalker.IsTraining.mean": {
            "value": 1.0,
            "min": 1.0,
            "max": 1.0,
            "count": 666
        },
        "ZombieWalker.IsTraining.sum": {
            "value": 1.0,
            "min": 1.0,
            "max": 1.0,
            "count": 666
        }
    },
    "metadata": {
        "timer_format_version": "0.1.0",
        "start_time_seconds": "1715204701",
        "python_version": "3.9.13 (tags/v3.9.13:6de2ca5, May 17 2022, 16:36:42) [MSC v.1929 64 bit (AMD64)]",
        "command_line_arguments": "C:\\Github Repositories\\BachelorThesis\\venv\\Scripts\\mlagents-learn config/ZombieWalker.yaml --initialize-from=WalkRandom2 --run-id=RLegTest1",
        "mlagents_version": "0.30.0",
        "mlagents_envs_version": "0.30.0",
        "communication_protocol_version": "1.5.0",
        "pytorch_version": "2.2.0+cpu",
        "numpy_version": "1.21.2",
        "end_time_seconds": "1715221161"
    },
    "total": 16459.6571582,
    "count": 1,
    "self": 0.013990799994644476,
    "children": {
        "run_training.setup": {
            "total": 0.07274219999999998,
            "count": 1,
            "self": 0.07274219999999998
        },
        "TrainerController.start_learning": {
            "total": 16459.570425200003,
            "count": 1,
            "self": 22.44799130044703,
            "children": {
                "TrainerController._reset_env": {
                    "total": 8.6920583,
                    "count": 1,
                    "self": 8.6920583
                },
                "TrainerController.advance": {
                    "total": 16428.389192199556,
                    "count": 1788763,
                    "self": 21.8420574007323,
                    "children": {
                        "env_step": {
                            "total": 10999.439885799908,
                            "count": 1788763,
                            "self": 10023.685576700198,
                            "children": {
                                "SubprocessEnvManager._take_step": {
                                    "total": 961.4928690994645,
                                    "count": 1788763,
                                    "self": 58.65115019970301,
                                    "children": {
                                        "TorchPolicy.evaluate": {
                                            "total": 902.8417188997615,
                                            "count": 1250406,
                                            "self": 902.8417188997615
                                        }
                                    }
                                },
                                "workers": {
                                    "total": 14.26144000024537,
                                    "count": 1788763,
                                    "self": 0.0,
                                    "children": {
                                        "worker_root": {
                                            "total": 16424.954333099682,
                                            "count": 1788763,
                                            "is_parallel": true,
                                            "self": 7711.795120199024,
                                            "children": {
                                                "steps_from_proto": {
                                                    "total": 0.0005306000000002697,