{
    "name": "root",
    "gauges": {
        "ZombieWalker.Policy.Entropy.mean": {
            "value": 1.4190998077392578,
            "min": 1.418928623199463,
            "max": 1.4191087484359741,
            "count": 100
        },
        "ZombieWalker.Policy.Entropy.sum": {
            "value": 14542.9345703125,
            "min": 13757.931640625,
            "max": 15257.162109375,
            "count": 100
        },
        "ZombieWalker.Step.mean": {
            "value": 999939.0,
            "min": 9984.0,
            "max": 999939.0,
            "count": 100
        },
        "ZombieWalker.Step.sum": {
            "value": 999939.0,
            "min": 9984.0,
            "max": 999939.0,
            "count": 100
        },
        "ZombieWalker.Policy.ExtrinsicValueEstimate.mean": {
            "value": 0.035436324775218964,
            "min": -0.04852297529578209,
            "max": 0.29313427209854126,
            "count": 100
        },
        "ZombieWalker.Policy.ExtrinsicValueEstimate.sum": {
            "value": 5.669812202453613,
            "min": -7.812199115753174,
            "max": 45.728946685791016,
            "count": 100
        },
        "ZombieWalker.Losses.PolicyLoss.mean": {
            "value": 0.24472875455401213,
            "min": 0.23260079029501315,
            "max": 0.253272161658245,
            "count": 100
        },
        "ZombieWalker.Losses.PolicyLoss.sum": {
            "value": 13.215352745916656,
            "min": 3.0639300963969394,
            "max": 13.215352745916656,
            "count": 100
        },
        "ZombieWalker.Losses.ValueLoss.mean": {
            "value": 0.014708909238662908,
            "min": 0.005570514383339575,
            "max": 0.09653917192223806,
            "count": 100
        },
        "ZombieWalker.Losses.ValueLoss.sum": {
            "value": 0.7942810988877971,
            "min": 0.1559744027335081,
            "max": 1.6005215412049842,
            "count": 100
        },
        "ZombieWalker.Policy.LearningRate.mean": {
            "value": 5.097685366666671e-09,
            "min": 5.097685366666671e-09,
            "max": 9.946245376e-07,
            "count": 100
        },
        "ZombieWalker.Policy.LearningRate.sum": {
            "value": 2.7527500980000024e-07,
            "min": 2.7527500980000024e-07,
            "max": 2.3660150028400002e-05,
            "count": 100
        },
        "ZombieWalker.Policy.Epsilon.mean": {
            "value": 0.09999999999999998,
            "min": 0.09999999999999996,
            "max": 0.10000000000000002,
            "count": 100
        },
        "ZombieWalker.Policy.Epsilon.sum": {
            "value": 5.399999999999999,
            "min": 1.3000000000000003,
            "max": 5.399999999999999,
            "count": 100
        },
        "ZombieWalker.Policy.Beta.mean": {
            "value": 0.0005,
            "min": 0.0005,
            "max": 0.0005000000000000003,
            "count": 100
        },
        "ZombieWalker.Policy.Beta.sum": {
            "value": 0.027000000000000003,
            "min": 0.006500000000000004,
            "max": 0.027000000000000007,
            "count": 100
        },
        "ZombieWalker.IsTraining.mean": {
            "value": 1.0,
            "min": 1.0,
            "max": 1.0,
            "count": 100
        },
        "ZombieWalker.IsTraining.sum": {
            "value": 1.0,
            "min": 1.0,
            "max": 1.0,
            "count": 100
        },
        "ZombieWalker.Environment.EpisodeLength.mean": {
            "value": 999.0,
            "min": 779.0,
            "max": 999.0,
            "count": 98
        },
        "ZombieWalker.Environment.EpisodeLength.sum": {
            "value": 11988.0,
            "min": 841.0,
            "max": 12085.0,
            "count": 98
        },
        "ZombieWalker.Environment.CumulativeReward.mean": {
            "value": 0.25,
            "min": -0.5,
            "max": 0.8333333333333334,
            "count": 99
        },
        "ZombieWalker.Environment.CumulativeReward.sum": {
            "value": 3.0,
            "min": -1.0,
            "max": 10.0,
            "count": 99
        },
        "ZombieWalker.Policy.ExtrinsicReward.mean": {
            "value": 0.25,
            "min": -0.5,
            "max": 0.8333333333333334,
            "count": 99
        },
        "ZombieWalker.Policy.ExtrinsicReward.sum": {
            "value": 3.0,
            "min": -1.0,
            "max": 10.0,
            "count": 99
        }
    },
    "metadata": {
        "timer_format_version": "0.1.0",
        "start_time_seconds": "1711814723",
        "python_version": "3.9.13 (tags/v3.9.13:6de2ca5, May 17 2022, 16:36:42) [MSC v.1929 64 bit (AMD64)]",
        "command_line_arguments": "C:\\Users\\01add\\Documents\\GitHub\\BachelorThesis\\venv\\Scripts\\mlagents-learn config/ZombieWalker.yaml --run-id=AdrianColTest24",
        "mlagents_version": "0.30.0",
        "mlagents_envs_version": "0.30.0",
        "communication_protocol_version": "1.5.0",
        "pytorch_version": "2.2.0+cpu",
        "numpy_version": "1.21.2",
        "end_time_seconds": "1711818236"
    },
    "total": 3512.3274569,
    "count": 1,
    "self": 0.012849400000050082,
    "children": {
        "run_training.setup": {
            "total": 0.10170719999999989,
            "count": 1,
            "self": 0.10170719999999989
        },
        "TrainerController.start_learning": {
            "total": 3512.2129003,
            "count": 1,
            "self": 2.073534899979677,
            "children": {
                "TrainerController._reset_env": {
                    "total": 7.646131100000001,
                    "count": 1,
                    "self": 7.646131100000001
                },
                "TrainerController.advance": {
                    "total": 3502.437455800021,
                    "count": 83580,
                    "self": 1.9360442000925104,
                    "children": {
                        "env_step": {
                            "total": 1095.1925146999847,
                            "count": 83580,
                            "self": 998.5022870999795,
                            "children": {
                                "SubprocessEnvManager._take_step": {
                                    "total": 95.46924029998127,
                                    "count": 83580,
                                    "self": 6.745341800008063,
                                    "children": {
                                        "TorchPolicy.evaluate": {
                                            "total": 88.7238984999732,
                                            "count": 83370,
                                            "self": 88.7238984999732
                                        }
                                    }
                                },
                                "workers": {
                                    "total": 1.2209873000239657,
                                    "count": 83580,
                                    "self": 0.0,
                                    "children": {
                                        "worker_root": {
                                            "total": 3502.8551682000107,
                                            "count": 83580,
                                            "is_parallel": true,
                                            "self": 2624.782325699983,
                                            "children": {
                                                "steps_from_proto": {
                                                    "total": 0.0005910000000000082,
                                                    "count": 1,
                                                    "is_parallel": true,
                                                    "self": 0.00012479999999914781,