{
    "name": "root",
    "gauges": {
        "ZombieWalker.Policy.Entropy.mean": {
            "value": 0.7368502020835876,
            "min": 0.7368502020835876,
            "max": 0.8998793363571167,
            "count": 1000
        },
        "ZombieWalker.Policy.Entropy.sum": {
            "value": 21787.1875,
            "min": 21516.08203125,
            "max": 27156.337890625,
            "count": 1000
        },
        "ZombieWalker.Environment.EpisodeLength.mean": {
            "value": 119.63052208835342,
            "min": 23.271844660194176,
            "max": 129.9170305676856,
            "count": 1000
        },
        "ZombieWalker.Environment.EpisodeLength.sum": {
            "value": 29788.0,
            "min": 28712.0,
            "max": 29939.0,
            "count": 1000
        },
        "ZombieWalker.Step.mean": {
            "value": 29999941.0,
            "min": 29988.0,
            "max": 29999941.0,
            "count": 1000
        },
        "ZombieWalker.Step.sum": {
            "value": 29999941.0,
            "min": 29988.0,
            "max": 29999941.0,
            "count": 1000
        },
        "ZombieWalker.Policy.ExtrinsicValueEstimate.mean": {
            "value": 182.83863830566406,
            "min": 22.387914657592773,
            "max": 202.06826782226562,
            "count": 1000
        },
        "ZombieWalker.Policy.ExtrinsicValueEstimate.sum": {
            "value": 45526.8203125,
            "min": 26901.8203125,
            "max": 49324.79296875,
            "count": 1000
        },
        "ZombieWalker.Environment.CumulativeReward.mean": {
            "value": 343.9167366793836,
            "min": 36.98028598332622,
            "max": 397.06063932941316,
            "count": 1000
        },
        "ZombieWalker.Environment.CumulativeReward.sum": {
            "value": 85635.2674331665,
            "min": 44523.457382023335,
            "max": 95504.89662051201,
            "count": 1000
        },
        "ZombieWalker.Policy.ExtrinsicReward.mean": {
            "value": 343.9167366793836,
            "min": 36.98028598332622,
            "max": 397.06063932941316,
            "count": 1000
        },
        "ZombieWalker.Policy.ExtrinsicReward.sum": {
            "value": 85635.2674331665,
            "min": 44523.457382023335,
            "max": 95504.89662051201,
            "count": 1000
        },
        "ZombieWalker.Losses.PolicyLoss.mean": {
            "value": 0.015151043277971135,
            "min": 0.01073515953266906,
            "max": 0.023265468149717587,
            "count": 1000
        },
        "ZombieWalker.Losses.PolicyLoss.sum": {
            "value": 0.03030208655594227,
            "min": 0.01073515953266906,
            "max": 0.04653093629943517,
            "count": 1000
        },
        "ZombieWalker.Losses.ValueLoss.mean": {
            "value": 3369.9422281901043,
            "min": 5.03931090037028,
            "max": 4002.057438151042,
            "count": 1000
        },
        "ZombieWalker.Losses.ValueLoss.sum": {
            "value": 6739.884456380209,
            "min": 5.03931090037028,
            "max": 7734.317651367188,
            "count": 1000
        },
        "ZombieWalker.Policy.LearningRate.mean": {
            "value": 1.0346496554499969e-07,
            "min": 1.0346496554499969e-07,
            "max": 0.0002997950900683033,
            "count": 1000
        },
        "ZombieWalker.Policy.LearningRate.sum": {
            "value": 2.0692993108999937e-07,
            "min": 2.0692993108999937e-07,
            "max": 0.0005985658604780466,
            "count": 1000
        },
        "ZombieWalker.Policy.Epsilon.mean": {
            "value": 0.10003445499999997,
            "min": 0.10003445499999997,
            "max": 0.19993169666666674,
            "count": 1000
        },
        "ZombieWalker.Policy.Epsilon.sum": {
            "value": 0.20006890999999993,
            "min": 0.1001370166666667,
            "max": 0.39952195333333346,
            "count": 1000
        },
        "ZombieWalker.Policy.Beta.mean": {
            "value": 1.1719304499999997e-05,
            "min": 1.1719304499999997e-05,
            "max": 0.0049965916636666675,
            "count": 1000
        },
        "ZombieWalker.Policy.Beta.sum": {
            "value": 2.3438608999999994e-05,
            "min": 1.6837131666666693e-05,
            "max": 0.009976145471333332,
            "count": 1000
        },
        "ZombieWalker.IsTraining.mean": {
            "value": 1.0,
            "min": 1.0,
            "max": 1.0,
            "count": 1000
        },
        "ZombieWalker.IsTraining.sum": {
            "value": 1.0,
            "min": 1.0,
            "max": 1.0,
            "count": 1000
        }
    },
    "metadata": {
        "timer_format_version": "0.1.0",
        "start_time_seconds": "1715084414",
        "python_version": "3.9.13 (tags/v3.9.13:6de2ca5, May 17 2022, 16:36:42) [MSC v.1929 64 bit (AMD64)]",
        "command_line_arguments": "C:\\Github Repositories\\BachelorThesis\\venv\\Scripts\\mlagents-learn config/ZombieWalker.yaml --initialize-from=LastWalkTest3 --run-id=LastWalkTest4",
        "mlagents_version": "0.30.0",
        "mlagents_envs_version": "0.30.0",
        "communication_protocol_version": "1.5.0",
        "pytorch_version": "2.2.0+cpu",
        "numpy_version": "1.21.2",
        "end_time_seconds": "1715110841"
    },
    "total": 26426.440348199998,
    "count": 1,
    "self": 0.017015599998558173,
    "children": {
        "run_training.setup": {
            "total": 0.0742221999999999,
            "count": 1,
            "self": 0.0742221999999999
        },
        "TrainerController.start_learning": {
            "total": 26426.3491104,
            "count": 1,
            "self": 33.228974201909296,
            "children": {
                "TrainerController._reset_env": {
                    "total": 8.4893517,
                    "count": 1,
                    "self": 8.4893517
                },
                "TrainerController.advance": {
                    "total": 26384.566575598088,
                    "count": 2480277,
                    "self": 32.17080439786514,
                    "children": {
                        "env_step": {
                            "total": 18048.75652470005,
                            "count": 2480277,
                            "self": 16500.250121500903,
                            "children": {
                                "SubprocessEnvManager._take_step": {
                                    "total": 1525.936517198705,
                                    "count": 2480277,
                                    "self": 93.08260449898421,
                                    "children": {
                                        "TorchPolicy.evaluate": {
                                            "total": 1432.8539126997207,
                                            "count": 1875053,
                                            "self": 1432.8539126997207
                                        }
                                    }
                                },
                                "workers": {
                                    "total": 22.56988600044277,
                                    "count": 2480277,
                                    "self": 0.0,
                                    "children": {
                                        "worker_root": {
                                            "total": 26379.16630089845,
                                            "count": 2480277,
                                            "is_parallel": true,
                                            "self": 11921.692607197907,
                                            "children": {
                                                "steps_from_proto": {
                                                    "total": 0.0005040999999996743,