{
    "name": "root",
    "gauges": {
        "ZombieWalker.Policy.Entropy.mean": {
            "value": 0.9838988184928894,
            "min": 0.9826182126998901,
            "max": 1.4089937210083008,
            "count": 100
        },
        "ZombieWalker.Policy.Entropy.sum": {
            "value": 9858.666015625,
            "min": 9644.2939453125,
            "max": 15149.5,
            "count": 100
        },
        "ZombieWalker.Step.mean": {
            "value": 999943.0,
            "min": 9984.0,
            "max": 999943.0,
            "count": 100
        },
        "ZombieWalker.Step.sum": {
            "value": 999943.0,
            "min": 9984.0,
            "max": 999943.0,
            "count": 100
        },
        "ZombieWalker.Policy.ExtrinsicValueEstimate.mean": {
            "value": -67.06746673583984,
            "min": -3102.59130859375,
            "max": 70.16780853271484,
            "count": 100
        },
        "ZombieWalker.Policy.ExtrinsicValueEstimate.sum": {
            "value": -10797.8623046875,
            "min": -493312.03125,
            "max": 11156.681640625,
            "count": 100
        },
        "ZombieWalker.Losses.PolicyLoss.mean": {
            "value": 0.2563229519027337,
            "min": 0.2278319216157491,
            "max": 0.27424878532475677,
            "count": 100
        },
        "ZombieWalker.Losses.PolicyLoss.sum": {
            "value": 16.404668921774956,
            "min": 2.9618149810047383,
            "max": 21.391405255331026,
            "count": 100
        },
        "ZombieWalker.Losses.ValueLoss.mean": {
            "value": 2546525.1357920454,
            "min": 0.0009165424803883492,
            "max": 3982757.8219390498,
            "count": 100
        },
        "ZombieWalker.Losses.ValueLoss.sum": {
            "value": 162977608.6906909,
            "min": 0.014140186385943386,
            "max": 246930984.96022108,
            "count": 100
        },
        "ZombieWalker.Policy.LearningRate.mean": {
            "value": 1.5156104323296865e-06,
            "min": 1.5156104323296865e-06,
            "max": 0.0002983872005376,
            "count": 100
        },
        "ZombieWalker.Policy.LearningRate.sum": {
            "value": 9.699906766909994e-05,
            "min": 9.699906766909994e-05,
            "max": 0.0133570382476546,
            "count": 100
        },
        "ZombieWalker.Policy.Epsilon.mean": {
            "value": 0.1005051703125,
            "min": 0.1005051703125,
            "max": 0.19946239999999998,
            "count": 100
        },
        "ZombieWalker.Policy.Epsilon.sum": {
            "value": 6.4323309,
            "min": 2.4370658000000005,
            "max": 12.046863300000002,
            "count": 100
        },
        "ZombieWalker.Policy.Beta.mean": {
            "value": 0.0005,
            "min": 0.0005,
            "max": 0.0005000000000000003,
            "count": 100
        },
        "ZombieWalker.Policy.Beta.sum": {
            "value": 0.032,
            "min": 0.006500000000000004,
            "max": 0.04000000000000001,
            "count": 100
        },
        "ZombieWalker.IsTraining.mean": {
            "value": 1.0,
            "min": 1.0,
            "max": 1.0,
            "count": 100
        },
        "ZombieWalker.IsTraining.sum": {
            "value": 1.0,
            "min": 1.0,
            "max": 1.0,
            "count": 100
        },
        "ZombieWalker.Environment.EpisodeLength.mean": {
            "value": 881.6153846153846,
            "min": 764.0,
            "max": 999.0,
            "count": 97
        },
        "ZombieWalker.Environment.EpisodeLength.sum": {
            "value": 11461.0,
            "min": 3088.0,
            "max": 12602.0,
            "count": 97
        },
        "ZombieWalker.Environment.CumulativeReward.mean": {
            "value": 0.23076923076923078,
            "min": -0.5,
            "max": 1.2307692307692308,
            "count": 99
        },
        "ZombieWalker.Environment.CumulativeReward.sum": {
            "value": 3.0,
            "min": -6.0,
            "max": 16.0,
            "count": 99
        },
        "ZombieWalker.Policy.ExtrinsicReward.mean": {
            "value": 0.23076923076923078,
            "min": -0.5,
            "max": 1.2307692307692308,
            "count": 99
        },
        "ZombieWalker.Policy.ExtrinsicReward.sum": {
            "value": 3.0,
            "min": -6.0,
            "max": 16.0,
            "count": 99
        }
    },
    "metadata": {
        "timer_format_version": "0.1.0",
        "start_time_seconds": "1711124961",
        "python_version": "3.9.13 (tags/v3.9.13:6de2ca5, May 17 2022, 16:36:42) [MSC v.1929 64 bit (AMD64)]",
        "command_line_arguments": "C:\\Users\\01add\\OneDrive\\Dokument\\GitHub\\BachelorThesis\\venv\\Scripts\\mlagents-learn config/ZombieWalker.yaml --run-id=AdrianColTest8",
        "mlagents_version": "0.30.0",
        "mlagents_envs_version": "0.30.0",
        "communication_protocol_version": "1.5.0",
        "pytorch_version": "2.2.1+cpu",
        "numpy_version": "1.21.2",
        "end_time_seconds": "1711128718"
    },
    "total": 3757.348974,
    "count": 1,
    "self": 0.011696500000198284,
    "children": {
        "run_training.setup": {
            "total": 0.12403509999999951,
            "count": 1,
            "self": 0.12403509999999951
        },
        "TrainerController.start_learning": {
            "total": 3757.2132423999997,
            "count": 1,
            "self": 2.465258899955643,
            "children": {
                "TrainerController._reset_env": {
                    "total": 18.561123,
                    "count": 1,
                    "self": 18.561123
                },
                "TrainerController.advance": {
                    "total": 3736.117009300044,
                    "count": 84046,
                    "self": 2.211065600028178,
                    "children": {
                        "env_step": {
                            "total": 1259.6498820000431,
                            "count": 84046,
                            "self": 1150.4677977000501,
                            "children": {
                                "SubprocessEnvManager._take_step": {
                                    "total": 107.63701069999783,
                                    "count": 84046,
                                    "self": 7.114096900011646,
                                    "children": {
                                        "TorchPolicy.evaluate": {
                                            "total": 100.52291379998618,
                                            "count": 83360,
                                            "self": 100.52291379998618
                                        }
                                    }
                                },
                                "workers": {
                                    "total": 1.5450735999952698,
                                    "count": 84046,
                                    "self": 0.0,
                                    "children": {
                                        "worker_root": {
                                            "total": 3736.7532394999917,
                                            "count": 84046,
                                            "is_parallel": true,
                                            "self": 2723.2572189999796,
                                            "children": {
                                                "steps_from_proto": {
                                                    "total": 0.0010988999999987925,
                                                    "count": 1,
                                                    "is_parallel": true,
                                                    "self": 0.00022749999999760462,