{
    "name": "root",
    "gauges": {
        "ZombieWalker.Policy.Entropy.mean": {
            "value": 1.3533672094345093,
            "min": 1.3531172275543213,
            "max": 1.4170265197753906,
            "count": 100
        },
        "ZombieWalker.Policy.Entropy.sum": {
            "value": 14161.634765625,
            "min": 13120.5537109375,
            "max": 15235.869140625,
            "count": 100
        },
        "ZombieWalker.Step.mean": {
            "value": 999987.0,
            "min": 9984.0,
            "max": 999987.0,
            "count": 100
        },
        "ZombieWalker.Step.sum": {
            "value": 999987.0,
            "min": 9984.0,
            "max": 999987.0,
            "count": 100
        },
        "ZombieWalker.Policy.ExtrinsicValueEstimate.mean": {
            "value": -0.0005825955886393785,
            "min": -0.113151416182518,
            "max": 0.05792631581425667,
            "count": 100
        },
        "ZombieWalker.Policy.ExtrinsicValueEstimate.sum": {
            "value": -0.09379789233207703,
            "min": -17.651620864868164,
            "max": 9.268210411071777,
            "count": 100
        },
        "ZombieWalker.Losses.PolicyLoss.mean": {
            "value": 0.24214774652970908,
            "min": 0.2304269723497984,
            "max": 0.25594210573697207,
            "count": 100
        },
        "ZombieWalker.Losses.PolicyLoss.sum": {
            "value": 6.537989156302145,
            "min": 3.0318369694859264,
            "max": 6.659729728012269,
            "count": 100
        },
        "ZombieWalker.Losses.ValueLoss.mean": {
            "value": 0.000728101139551418,
            "min": 6.761614228690575e-05,
            "max": 0.03288748177155661,
            "count": 100
        },
        "ZombieWalker.Losses.ValueLoss.sum": {
            "value": 0.019658730767888287,
            "min": 0.001735942827131772,
            "max": 0.4604247448017926,
            "count": 100
        },
        "ZombieWalker.Policy.LearningRate.mean": {
            "value": 2.4983098201851807e-07,
            "min": 2.4983098201851807e-07,
            "max": 4.973120053760001e-05,
            "count": 100
        },
        "ZombieWalker.Policy.LearningRate.sum": {
            "value": 6.745436514499987e-06,
            "min": 6.745436514499987e-06,
            "max": 0.0006786649926703,
            "count": 100
        },
        "ZombieWalker.Policy.Epsilon.mean": {
            "value": 0.10000000000000002,
            "min": 0.10000000000000002,
            "max": 0.10000000000000003,
            "count": 100
        },
        "ZombieWalker.Policy.Epsilon.sum": {
            "value": 2.7000000000000006,
            "min": 1.3000000000000003,
            "max": 2.7000000000000006,
            "count": 100
        },
        "ZombieWalker.Policy.Beta.mean": {
            "value": 0.0005,
            "min": 0.0005,
            "max": 0.0005000000000000003,
            "count": 100
        },
        "ZombieWalker.Policy.Beta.sum": {
            "value": 0.013500000000000002,
            "min": 0.006500000000000004,
            "max": 0.013500000000000002,
            "count": 100
        },
        "ZombieWalker.IsTraining.mean": {
            "value": 1.0,
            "min": 1.0,
            "max": 1.0,
            "count": 100
        },
        "ZombieWalker.IsTraining.sum": {
            "value": 1.0,
            "min": 1.0,
            "max": 1.0,
            "count": 100
        },
        "ZombieWalker.Environment.EpisodeLength.mean": {
            "value": 999.0,
            "min": 516.0,
            "max": 999.0,
            "count": 98
        },
        "ZombieWalker.Environment.EpisodeLength.sum": {
            "value": 11988.0,
            "min": 999.0,
            "max": 12100.0,
            "count": 98
        },
        "ZombieWalker.Environment.CumulativeReward.mean": {
            "value": 0.16666666666666666,
            "min": -0.5,
            "max": 1.0,
            "count": 99
        },
        "ZombieWalker.Environment.CumulativeReward.sum": {
            "value": 2.0,
            "min": -1.0,
            "max": 9.0,
            "count": 99
        },
        "ZombieWalker.Policy.ExtrinsicReward.mean": {
            "value": 0.16666666666666666,
            "min": -0.5,
            "max": 1.0,
            "count": 99
        },
        "ZombieWalker.Policy.ExtrinsicReward.sum": {
            "value": 2.0,
            "min": -1.0,
            "max": 9.0,
            "count": 99
        }
    },
    "metadata": {
        "timer_format_version": "0.1.0",
        "start_time_seconds": "1711552136",
        "python_version": "3.9.13 (tags/v3.9.13:6de2ca5, May 17 2022, 16:36:42) [MSC v.1929 64 bit (AMD64)]",
        "command_line_arguments": "C:\\Users\\01add\\Documents\\GitHub\\BachelorThesis\\venv\\Scripts\\mlagents-learn config/ZombieWalker.yaml --run-id=AdrianColTest20",
        "mlagents_version": "0.30.0",
        "mlagents_envs_version": "0.30.0",
        "communication_protocol_version": "1.5.0",
        "pytorch_version": "2.2.0+cpu",
        "numpy_version": "1.21.2",
        "end_time_seconds": "1711557909"
    },
    "total": 5772.9870839000005,
    "count": 1,
    "self": 0.03466560000106256,
    "children": {
        "run_training.setup": {
            "total": 0.1439636000000002,
            "count": 1,
            "self": 0.1439636000000002
        },
        "TrainerController.start_learning": {
            "total": 5772.8084547,
            "count": 1,
            "self": 3.1913928999883865,
            "children": {
                "TrainerController._reset_env": {
                    "total": 11.091053500000001,
                    "count": 1,
                    "self": 11.091053500000001
                },
                "TrainerController.advance": {
                    "total": 5758.434621900011,
                    "count": 83496,
                    "self": 3.5593862000414447,
                    "children": {
                        "env_step": {
                            "total": 1604.0980901999437,
                            "count": 83496,
                            "self": 1434.0532708998192,
                            "children": {
                                "SubprocessEnvManager._take_step": {
                                    "total": 168.1660225000493,
                                    "count": 83496,
                                    "self": 11.344339400001758,
                                    "children": {
                                        "TorchPolicy.evaluate": {
                                            "total": 156.82168310004755,
                                            "count": 83384,
                                            "self": 156.82168310004755
                                        }
                                    }
                                },
                                "workers": {
                                    "total": 1.8787968000752109,
                                    "count": 83496,
                                    "self": 0.0,
                                    "children": {
                                        "worker_root": {
                                            "total": 5759.797161100076,
                                            "count": 83496,
                                            "is_parallel": true,
                                            "self": 4518.500985100125,
                                            "children": {
                                                "steps_from_proto": {
                                                    "total": 0.0009337000000009255,
                                                    "count": 1,
                                                    "is_parallel": true,
                                                    "self": 0.00017940000000216116,