{
    "name": "root",
    "gauges": {
        "ZombieWalker.Policy.Entropy.mean": {
            "value": 0.655936598777771,
            "min": 0.6558418869972229,
            "max": 1.4068666696548462,
            "count": 100
        },
        "ZombieWalker.Policy.Entropy.sum": {
            "value": 6643.32568359375,
            "min": 6508.830078125,
            "max": 15126.630859375,
            "count": 100
        },
        "ZombieWalker.Step.mean": {
            "value": 999974.0,
            "min": 9984.0,
            "max": 999974.0,
            "count": 100
        },
        "ZombieWalker.Step.sum": {
            "value": 999974.0,
            "min": 9984.0,
            "max": 999974.0,
            "count": 100
        },
        "ZombieWalker.Policy.ExtrinsicValueEstimate.mean": {
            "value": 0.001403453410603106,
            "min": -0.16053317487239838,
            "max": 0.08864501118659973,
            "count": 100
        },
        "ZombieWalker.Policy.ExtrinsicValueEstimate.sum": {
            "value": 0.225955992937088,
            "min": -25.043174743652344,
            "max": 14.271846771240234,
            "count": 100
        },
        "ZombieWalker.Losses.PolicyLoss.mean": {
            "value": 0.24099107949642673,
            "min": 0.21530163916036824,
            "max": 0.25015527082242256,
            "count": 100
        },
        "ZombieWalker.Losses.PolicyLoss.sum": {
            "value": 19.27928635971414,
            "min": 2.798921309084787,
            "max": 19.927305428661448,
            "count": 100
        },
        "ZombieWalker.Losses.ValueLoss.mean": {
            "value": 0.0014083851942465913,
            "min": 3.772260850299574e-08,
            "max": 547.0497193504156,
            "count": 100
        },
        "ZombieWalker.Losses.ValueLoss.sum": {
            "value": 0.11267081553972731,
            "min": 3.0178086802396594e-06,
            "max": 7658.696070905818,
            "count": 100
        },
        "ZombieWalker.Policy.LearningRate.mean": {
            "value": 1.5168544944150003e-06,
            "min": 1.5168544944150003e-06,
            "max": 0.0002983872005376,
            "count": 100
        },
        "ZombieWalker.Policy.LearningRate.sum": {
            "value": 0.00012134835955320003,
            "min": 0.00012134835955320003,
            "max": 0.0106300428566529,
            "count": 100
        },
        "ZombieWalker.Policy.Epsilon.mean": {
            "value": 0.10050558500000002,
            "min": 0.10050558500000002,
            "max": 0.19946239999999998,
            "count": 100
        },
        "ZombieWalker.Policy.Epsilon.sum": {
            "value": 8.040446800000002,
            "min": 2.3336968999999996,
            "max": 9.440661,
            "count": 100
        },
        "ZombieWalker.Policy.Beta.mean": {
            "value": 0.0005000000000000001,
            "min": 0.0005,
            "max": 0.0005000000000000003,
            "count": 100
        },
        "ZombieWalker.Policy.Beta.sum": {
            "value": 0.04000000000000001,
            "min": 0.006500000000000004,
            "max": 0.04050000000000001,
            "count": 100
        },
        "ZombieWalker.IsTraining.mean": {
            "value": 1.0,
            "min": 1.0,
            "max": 1.0,
            "count": 100
        },
        "ZombieWalker.IsTraining.sum": {
            "value": 1.0,
            "min": 1.0,
            "max": 1.0,
            "count": 100
        },
        "ZombieWalker.Environment.EpisodeLength.mean": {
            "value": 975.3333333333334,
            "min": 846.2666666666667,
            "max": 999.0,
            "count": 98
        },
        "ZombieWalker.Environment.EpisodeLength.sum": {
            "value": 11704.0,
            "min": 999.0,
            "max": 12694.0,
            "count": 98
        },
        "ZombieWalker.Environment.CumulativeReward.mean": {
            "value": 0.0,
            "min": -1.0,
            "max": 0.0,
            "count": 99
        },
        "ZombieWalker.Environment.CumulativeReward.sum": {
            "value": 0.0,
            "min": -5.0,
            "max": 0.0,
            "count": 99
        },
        "ZombieWalker.Policy.ExtrinsicReward.mean": {
            "value": 0.0,
            "min": -1.0,
            "max": 0.0,
            "count": 99
        },
        "ZombieWalker.Policy.ExtrinsicReward.sum": {
            "value": 0.0,
            "min": -5.0,
            "max": 0.0,
            "count": 99
        }
    },
    "metadata": {
        "timer_format_version": "0.1.0",
        "start_time_seconds": "1710948546",
        "python_version": "3.9.13 (tags/v3.9.13:6de2ca5, May 17 2022, 16:36:42) [MSC v.1929 64 bit (AMD64)]",
        "command_line_arguments": "C:\\Users\\01add\\Documents\\GitHub\\BachelorThesis\\venv\\Scripts\\mlagents-learn config/ZombieWalker.yaml --run-id=AdrianColTest5",
        "mlagents_version": "0.30.0",
        "mlagents_envs_version": "0.30.0",
        "communication_protocol_version": "1.5.0",
        "pytorch_version": "2.2.0+cpu",
        "numpy_version": "1.21.2",
        "end_time_seconds": "1710951808"
    },
    "total": 3262.0162033,
    "count": 1,
    "self": 0.010576299999684124,
    "children": {
        "run_training.setup": {
            "total": 0.10600159999999992,
            "count": 1,
            "self": 0.10600159999999992
        },
        "TrainerController.start_learning": {
            "total": 3261.8996254000003,
            "count": 1,
            "self": 1.9052199999764525,
            "children": {
                "TrainerController._reset_env": {
                    "total": 9.4922018,
                    "count": 1,
                    "self": 9.4922018
                },
                "TrainerController.advance": {
                    "total": 3250.362567400024,
                    "count": 83895,
                    "self": 1.7992438000292168,
                    "children": {
                        "env_step": {
                            "total": 1047.580801799969,
                            "count": 83895,
                            "self": 963.4407125999891,
                            "children": {
                                "SubprocessEnvManager._take_step": {
                                    "total": 83.00591289999235,
                                    "count": 83895,
                                    "self": 5.857299099956833,
                                    "children": {
                                        "TorchPolicy.evaluate": {
                                            "total": 77.14861380003552,
                                            "count": 83374,
                                            "self": 77.14861380003552
                                        }
                                    }
                                },
                                "workers": {
                                    "total": 1.1341762999876241,
                                    "count": 83895,
                                    "self": 0.0,
                                    "children": {
                                        "worker_root": {
                                            "total": 3251.004919200002,
                                            "count": 83895,
                                            "is_parallel": true,
                                            "self": 2399.1082209999545,
                                            "children": {
                                                "steps_from_proto": {
                                                    "total": 0.0006617000000002093,
                                                    "count": 1,
                                                    "is_parallel": true,
                                                    "self": 0.00014509999999923195,