{
    "name": "root",
    "gauges": {
        "ZombieWalker.Policy.Entropy.mean": {
            "value": 0.583585262298584,
            "min": 0.583585262298584,
            "max": 1.4160245656967163,
            "count": 100
        },
        "ZombieWalker.Policy.Entropy.sum": {
            "value": 5861.5302734375,
            "min": 5768.4755859375,
            "max": 15225.0966796875,
            "count": 100
        },
        "ZombieWalker.Step.mean": {
            "value": 999960.0,
            "min": 9984.0,
            "max": 999960.0,
            "count": 100
        },
        "ZombieWalker.Step.sum": {
            "value": 999960.0,
            "min": 9984.0,
            "max": 999960.0,
            "count": 100
        },
        "ZombieWalker.Policy.ExtrinsicValueEstimate.mean": {
            "value": -0.002430789405480027,
            "min": -0.10768266767263412,
            "max": 0.024176964536309242,
            "count": 100
        },
        "ZombieWalker.Policy.ExtrinsicValueEstimate.sum": {
            "value": -0.38649553060531616,
            "min": -16.79849624633789,
            "max": 3.892491340637207,
            "count": 100
        },
        "ZombieWalker.Losses.PolicyLoss.mean": {
            "value": 0.23741924731035546,
            "min": 0.21859327328260986,
            "max": 0.2501983192620215,
            "count": 100
        },
        "ZombieWalker.Losses.PolicyLoss.sum": {
            "value": 15.66967032248346,
            "min": 2.841712552673928,
            "max": 16.050118341179143,
            "count": 100
        },
        "ZombieWalker.Losses.ValueLoss.mean": {
            "value": 0.004717038881276583,
            "min": 1.213266071966134e-07,
            "max": 11.228282991516709,
            "count": 100
        },
        "ZombieWalker.Losses.ValueLoss.sum": {
            "value": 0.31132456616425447,
            "min": 7.886229467779871e-06,
            "max": 157.19596188123393,
            "count": 100
        },
        "ZombieWalker.Policy.LearningRate.mean": {
            "value": 1.5130540411363632e-06,
            "min": 1.5130540411363632e-06,
            "max": 0.0002983872005376,
            "count": 100
        },
        "ZombieWalker.Policy.LearningRate.sum": {
            "value": 9.986156671499997e-05,
            "min": 9.986156671499997e-05,
            "max": 0.0102714365761888,
            "count": 100
        },
        "ZombieWalker.Policy.Epsilon.mean": {
            "value": 0.1005043181818182,
            "min": 0.1005043181818182,
            "max": 0.19946239999999998,
            "count": 100
        },
        "ZombieWalker.Policy.Epsilon.sum": {
            "value": 6.633285000000001,
            "min": 2.3336576,
            "max": 9.823811200000002,
            "count": 100
        },
        "ZombieWalker.Policy.Beta.mean": {
            "value": 0.0005,
            "min": 0.0005,
            "max": 0.0005000000000000003,
            "count": 100
        },
        "ZombieWalker.Policy.Beta.sum": {
            "value": 0.033,
            "min": 0.006500000000000004,
            "max": 0.0335,
            "count": 100
        },
        "ZombieWalker.IsTraining.mean": {
            "value": 1.0,
            "min": 1.0,
            "max": 1.0,
            "count": 100
        },
        "ZombieWalker.IsTraining.sum": {
            "value": 1.0,
            "min": 1.0,
            "max": 1.0,
            "count": 100
        },
        "ZombieWalker.Environment.EpisodeLength.mean": {
            "value": 952.125,
            "min": 820.25,
            "max": 999.0,
            "count": 96
        },
        "ZombieWalker.Environment.EpisodeLength.sum": {
            "value": 7617.0,
            "min": 999.0,
            "max": 12106.0,
            "count": 96
        },
        "ZombieWalker.Environment.CumulativeReward.mean": {
            "value": -0.125,
            "min": -1.0,
            "max": 0.25,
            "count": 99
        },
        "ZombieWalker.Environment.CumulativeReward.sum": {
            "value": -1.0,
            "min": -5.0,
            "max": 3.0,
            "count": 99
        },
        "ZombieWalker.Policy.ExtrinsicReward.mean": {
            "value": -0.125,
            "min": -1.0,
            "max": 0.25,
            "count": 99
        },
        "ZombieWalker.Policy.ExtrinsicReward.sum": {
            "value": -1.0,
            "min": -5.0,
            "max": 3.0,
            "count": 99
        }
    },
    "metadata": {
        "timer_format_version": "0.1.0",
        "start_time_seconds": "1710951913",
        "python_version": "3.9.13 (tags/v3.9.13:6de2ca5, May 17 2022, 16:36:42) [MSC v.1929 64 bit (AMD64)]",
        "command_line_arguments": "C:\\Users\\01add\\Documents\\GitHub\\BachelorThesis\\venv\\Scripts\\mlagents-learn config/ZombieWalker.yaml --run-id=AdrianColTest6",
        "mlagents_version": "0.30.0",
        "mlagents_envs_version": "0.30.0",
        "communication_protocol_version": "1.5.0",
        "pytorch_version": "2.2.0+cpu",
        "numpy_version": "1.21.2",
        "end_time_seconds": "1710955991"
    },
    "total": 4078.2370155999997,
    "count": 1,
    "self": 1.177337699999498,
    "children": {
        "run_training.setup": {
            "total": 0.10320740000000006,
            "count": 1,
            "self": 0.10320740000000006
        },
        "TrainerController.start_learning": {
            "total": 4076.9564705000003,
            "count": 1,
            "self": 2.262164700008725,
            "children": {
                "TrainerController._reset_env": {
                    "total": 11.1375593,
                    "count": 1,
                    "self": 11.1375593
                },
                "TrainerController.advance": {
                    "total": 4063.4208812999914,
                    "count": 83777,
                    "self": 2.404606600104671,
                    "children": {
                        "env_step": {
                            "total": 1397.4744806999906,
                            "count": 83777,
                            "self": 1293.6914006000188,
                            "children": {
                                "SubprocessEnvManager._take_step": {
                                    "total": 102.4769724999419,
                                    "count": 83777,
                                    "self": 7.324616999871296,
                                    "children": {
                                        "TorchPolicy.evaluate": {
                                            "total": 95.1523555000706,
                                            "count": 83368,
                                            "self": 95.1523555000706
                                        }
                                    }
                                },
                                "workers": {
                                    "total": 1.3061076000299945,
                                    "count": 83777,
                                    "self": 0.0,
                                    "children": {
                                        "worker_root": {
                                            "total": 4063.9702289999846,
                                            "count": 83777,
                                            "is_parallel": true,
                                            "self": 2903.2400948999325,
                                            "children": {
                                                "steps_from_proto": {
                                                    "total": 0.0005728999999998763,
                                                    "count": 1,
                                                    "is_parallel": true,
                                                    "self": 0.0001146999999974696,