{
    "name": "root",
    "gauges": {
        "ZombieWalker.Policy.Entropy.mean": {
            "value": 1.0358333587646484,
            "min": 0.9708236455917358,
            "max": 1.4012701511383057,
            "count": 100
        },
        "ZombieWalker.Policy.Entropy.sum": {
            "value": 10304.470703125,
            "min": 9597.2509765625,
            "max": 15066.45703125,
            "count": 100
        },
        "ZombieWalker.Step.mean": {
            "value": 999967.0,
            "min": 9984.0,
            "max": 999967.0,
            "count": 100
        },
        "ZombieWalker.Step.sum": {
            "value": 999967.0,
            "min": 9984.0,
            "max": 999967.0,
            "count": 100
        },
        "ZombieWalker.Policy.ExtrinsicValueEstimate.mean": {
            "value": 0.04324362799525261,
            "min": -451517.28125,
            "max": 1857873.125,
            "count": 100
        },
        "ZombieWalker.Policy.ExtrinsicValueEstimate.sum": {
            "value": 6.962224006652832,
            "min": -72694280.0,
            "max": 291686080.0,
            "count": 100
        },
        "ZombieWalker.Losses.PolicyLoss.mean": {
            "value": 0.24503378652759092,
            "min": 0.2274297742958864,
            "max": 0.34145403280921693,
            "count": 100
        },
        "ZombieWalker.Losses.PolicyLoss.sum": {
            "value": 18.8676015626245,
            "min": 3.0271170168857275,
            "max": 20.89669718211242,
            "count": 100
        },
        "ZombieWalker.Losses.ValueLoss.mean": {
            "value": 0.012299124513060549,
            "min": 0.0003617551620638241,
            "max": 5895225649714.799,
            "count": 100
        },
        "ZombieWalker.Losses.ValueLoss.sum": {
            "value": 0.9470325875056622,
            "min": 0.004702817106829713,
            "max": 94323610395436.78,
            "count": 100
        },
        "ZombieWalker.Policy.LearningRate.mean": {
            "value": 1.5254904006272732e-06,
            "min": 1.5254904006272732e-06,
            "max": 0.0002983872005376,
            "count": 100
        },
        "ZombieWalker.Policy.LearningRate.sum": {
            "value": 0.00011746276084830003,
            "min": 0.00011746276084830003,
            "max": 0.013390851436384,
            "count": 100
        },
        "ZombieWalker.Policy.Epsilon.mean": {
            "value": 0.10050846363636366,
            "min": 0.10050846363636366,
            "max": 0.19946239999999998,
            "count": 100
        },
        "ZombieWalker.Policy.Epsilon.sum": {
            "value": 7.739151700000002,
            "min": 1.5407499000000002,
            "max": 12.439932,
            "count": 100
        },
        "ZombieWalker.Policy.Beta.mean": {
            "value": 0.0005000000000000001,
            "min": 0.0005,
            "max": 0.0005000000000000003,
            "count": 100
        },
        "ZombieWalker.Policy.Beta.sum": {
            "value": 0.038500000000000006,
            "min": 0.006500000000000004,
            "max": 0.04050000000000001,
            "count": 100
        },
        "ZombieWalker.IsTraining.mean": {
            "value": 1.0,
            "min": 1.0,
            "max": 1.0,
            "count": 100
        },
        "ZombieWalker.IsTraining.sum": {
            "value": 1.0,
            "min": 1.0,
            "max": 1.0,
            "count": 100
        },
        "ZombieWalker.Environment.EpisodeLength.mean": {
            "value": 955.6666666666666,
            "min": 477.7692307692308,
            "max": 999.0,
            "count": 95
        },
        "ZombieWalker.Environment.EpisodeLength.sum": {
            "value": 11468.0,
            "min": 999.0,
            "max": 12547.0,
            "count": 95
        },
        "ZombieWalker.Environment.CumulativeReward.mean": {
            "value": 0.6666666666666666,
            "min": -0.46153846153846156,
            "max": 1.1666666666666667,
            "count": 97
        },
        "ZombieWalker.Environment.CumulativeReward.sum": {
            "value": 8.0,
            "min": -6.0,
            "max": 14.0,
            "count": 97
        },
        "ZombieWalker.Policy.ExtrinsicReward.mean": {
            "value": 0.6666666666666666,
            "min": -0.46153846153846156,
            "max": 1.1666666666666667,
            "count": 97
        },
        "ZombieWalker.Policy.ExtrinsicReward.sum": {
            "value": 8.0,
            "min": -6.0,
            "max": 14.0,
            "count": 97
        }
    },
    "metadata": {
        "timer_format_version": "0.1.0",
        "start_time_seconds": "1711368282",
        "python_version": "3.9.13 (tags/v3.9.13:6de2ca5, May 17 2022, 16:36:42) [MSC v.1929 64 bit (AMD64)]",
        "command_line_arguments": "C:\\Users\\01add\\Documents\\GitHub\\BachelorThesis\\venv\\Scripts\\mlagents-learn config/ZombieWalker.yaml --run-id=AdrianColTest12",
        "mlagents_version": "0.30.0",
        "mlagents_envs_version": "0.30.0",
        "communication_protocol_version": "1.5.0",
        "pytorch_version": "2.2.0+cpu",
        "numpy_version": "1.21.2",
        "end_time_seconds": "1711372269"
    },
    "total": 3987.8830503,
    "count": 1,
    "self": 0.139662899999621,
    "children": {
        "run_training.setup": {
            "total": 0.1053396000000002,
            "count": 1,
            "self": 0.1053396000000002
        },
        "TrainerController.start_learning": {
            "total": 3987.6380478,
            "count": 1,
            "self": 2.188328100007311,
            "children": {
                "TrainerController._reset_env": {
                    "total": 7.6160198999999995,
                    "count": 1,
                    "self": 7.6160198999999995
                },
                "TrainerController.advance": {
                    "total": 3977.684989899993,
                    "count": 83895,
                    "self": 2.1533853000923955,
                    "children": {
                        "env_step": {
                            "total": 1269.1742211999076,
                            "count": 83895,
                            "self": 1158.6849606998258,
                            "children": {
                                "SubprocessEnvManager._take_step": {
                                    "total": 109.1932132000336,
                                    "count": 83896,
                                    "self": 7.58354650002201,
                                    "children": {
                                        "TorchPolicy.evaluate": {
                                            "total": 101.60966670001159,
                                            "count": 83406,
                                            "self": 101.60966670001159
                                        }
                                    }
                                },
                                "workers": {
                                    "total": 1.2960473000481407,
                                    "count": 83895,
                                    "self": 0.0,
                                    "children": {
                                        "worker_root": {
                                            "total": 3955.740622900022,
                                            "count": 83895,
                                            "is_parallel": true,
                                            "self": 2952.969476300028,
                                            "children": {
                                                "steps_from_proto": {
                                                    "total": 0.0012722999999974505,
                                                    "count": 2,
                                                    "is_parallel": true,