{
    "name": "root",
    "gauges": {
        "ZombieWalker.Policy.Entropy.mean": {
            "value": 1.2395495176315308,
            "min": 1.2153571844100952,
            "max": 1.4079641103744507,
            "count": 100
        },
        "ZombieWalker.Policy.Entropy.sum": {
            "value": 12464.91015625,
            "min": 12009.4130859375,
            "max": 15189.1162109375,
            "count": 100
        },
        "ZombieWalker.Step.mean": {
            "value": 999952.0,
            "min": 9984.0,
            "max": 999952.0,
            "count": 100
        },
        "ZombieWalker.Step.sum": {
            "value": 999952.0,
            "min": 9984.0,
            "max": 999952.0,
            "count": 100
        },
        "ZombieWalker.Policy.ExtrinsicValueEstimate.mean": {
            "value": -0.14462803304195404,
            "min": -460.90313720703125,
            "max": 18.41005516052246,
            "count": 100
        },
        "ZombieWalker.Policy.ExtrinsicValueEstimate.sum": {
            "value": -22.99585723876953,
            "min": -73744.5,
            "max": 2945.60888671875,
            "count": 100
        },
        "ZombieWalker.Losses.PolicyLoss.mean": {
            "value": 0.24160562493744475,
            "min": 0.23432950103815653,
            "max": 0.35337697290107783,
            "count": 100
        },
        "ZombieWalker.Losses.PolicyLoss.sum": {
            "value": 18.603633120183247,
            "min": 3.046283513496035,
            "max": 25.796519021778682,
            "count": 100
        },
        "ZombieWalker.Losses.ValueLoss.mean": {
            "value": 3.1849232992259835,
            "min": 0.0005910953482607599,
            "max": 782612.6503962149,
            "count": 100
        },
        "ZombieWalker.Losses.ValueLoss.sum": {
            "value": 245.23909404040072,
            "min": 0.020887233704373273,
            "max": 62609012.03169719,
            "count": 100
        },
        "ZombieWalker.Policy.LearningRate.mean": {
            "value": 1.497072228281818e-06,
            "min": 1.497072228281818e-06,
            "max": 0.0002983872005376,
            "count": 100
        },
        "ZombieWalker.Policy.LearningRate.sum": {
            "value": 0.00011527456157769999,
            "min": 0.00011527456157769999,
            "max": 0.0153454142848624,
            "count": 100
        },
        "ZombieWalker.Policy.Epsilon.mean": {
            "value": 0.09999999999999996,
            "min": 0.09999999999999995,
            "max": 0.10000000000000002,
            "count": 100
        },
        "ZombieWalker.Policy.Epsilon.sum": {
            "value": 7.6999999999999975,
            "min": 1.3000000000000003,
            "max": 8.1,
            "count": 100
        },
        "ZombieWalker.Policy.Beta.mean": {
            "value": 0.0005000000000000001,
            "min": 0.0005,
            "max": 0.0005000000000000003,
            "count": 100
        },
        "ZombieWalker.Policy.Beta.sum": {
            "value": 0.038500000000000006,
            "min": 0.006500000000000004,
            "max": 0.04050000000000001,
            "count": 100
        },
        "ZombieWalker.IsTraining.mean": {
            "value": 1.0,
            "min": 1.0,
            "max": 1.0,
            "count": 100
        },
        "ZombieWalker.IsTraining.sum": {
            "value": 1.0,
            "min": 1.0,
            "max": 1.0,
            "count": 100
        },
        "ZombieWalker.Environment.EpisodeLength.mean": {
            "value": 892.625,
            "min": 707.625,
            "max": 999.0,
            "count": 99
        },
        "ZombieWalker.Environment.EpisodeLength.sum": {
            "value": 7141.0,
            "min": 999.0,
            "max": 12251.0,
            "count": 99
        },
        "ZombieWalker.Environment.CumulativeReward.mean": {
            "value": 0.5,
            "min": -0.16666666666666666,
            "max": 0.9090909090909091,
            "count": 99
        },
        "ZombieWalker.Environment.CumulativeReward.sum": {
            "value": 4.0,
            "min": -1.0,
            "max": 10.0,
            "count": 99
        },
        "ZombieWalker.Policy.ExtrinsicReward.mean": {
            "value": 0.5,
            "min": -0.16666666666666666,
            "max": 0.9090909090909091,
            "count": 99
        },
        "ZombieWalker.Policy.ExtrinsicReward.sum": {
            "value": 4.0,
            "min": -1.0,
            "max": 10.0,
            "count": 99
        }
    },
    "metadata": {
        "timer_format_version": "0.1.0",
        "start_time_seconds": "1711385274",
        "python_version": "3.9.13 (tags/v3.9.13:6de2ca5, May 17 2022, 16:36:42) [MSC v.1929 64 bit (AMD64)]",
        "command_line_arguments": "C:\\Users\\01add\\Documents\\GitHub\\BachelorThesis\\venv\\Scripts\\mlagents-learn config/ZombieWalker.yaml --run-id=AdrianColTest16",
        "mlagents_version": "0.30.0",
        "mlagents_envs_version": "0.30.0",
        "communication_protocol_version": "1.5.0",
        "pytorch_version": "2.2.0+cpu",
        "numpy_version": "1.21.2",
        "end_time_seconds": "1711388194"
    },
    "total": 2920.1600155,
    "count": 1,
    "self": 0.006988200000250799,
    "children": {
        "run_training.setup": {
            "total": 0.09742500000000032,
            "count": 1,
            "self": 0.09742500000000032
        },
        "TrainerController.start_learning": {
            "total": 2920.0556023,
            "count": 1,
            "self": 1.6815468000081637,
            "children": {
                "TrainerController._reset_env": {
                    "total": 7.313254099999999,
                    "count": 1,
                    "self": 7.313254099999999
                },
                "TrainerController.advance": {
                    "total": 2911.011133899992,
                    "count": 84021,
                    "self": 1.6256548000988005,
                    "children": {
                        "env_step": {
                            "total": 977.7648903999209,
                            "count": 84021,
                            "self": 902.1217456999052,
                            "children": {
                                "SubprocessEnvManager._take_step": {
                                    "total": 74.60948900004668,
                                    "count": 84022,
                                    "self": 5.056564300060771,
                                    "children": {
                                        "TorchPolicy.evaluate": {
                                            "total": 69.55292469998591,
                                            "count": 83373,
                                            "self": 69.55292469998591
                                        }
                                    }
                                },
                                "workers": {
                                    "total": 1.0336556999689464,
                                    "count": 84021,
                                    "self": 0.0,
                                    "children": {
                                        "worker_root": {
                                            "total": 2895.922207600003,
                                            "count": 84021,
                                            "is_parallel": true,
                                            "self": 2108.331382299941,
                                            "children": {
                                                "steps_from_proto": {
                                                    "total": 0.0013060999999998657,
                                                    "count": 2,
                                                    "is_parallel": true,
                                                    "self": 0.00023719999999904928,