{
    "name": "root",
    "gauges": {
        "ZombieWalker.Policy.Entropy.mean": {
            "value": 1.189442753791809,
            "min": 1.189422607421875,
            "max": 1.4205739498138428,
            "count": 100
        },
        "ZombieWalker.Policy.Entropy.sum": {
            "value": 12046.6767578125,
            "min": 11793.0458984375,
            "max": 15274.01171875,
            "count": 100
        },
        "ZombieWalker.Step.mean": {
            "value": 999957.0,
            "min": 9984.0,
            "max": 999957.0,
            "count": 100
        },
        "ZombieWalker.Step.sum": {
            "value": 999957.0,
            "min": 9984.0,
            "max": 999957.0,
            "count": 100
        },
        "ZombieWalker.Policy.ExtrinsicValueEstimate.mean": {
            "value": 0.06475390493869781,
            "min": -0.205288827419281,
            "max": 0.2790910005569458,
            "count": 100
        },
        "ZombieWalker.Policy.ExtrinsicValueEstimate.sum": {
            "value": 10.360624313354492,
            "min": -33.0515022277832,
            "max": 43.5381965637207,
            "count": 100
        },
        "ZombieWalker.Losses.PolicyLoss.mean": {
            "value": 0.2387988470103733,
            "min": 0.23077826754649222,
            "max": 0.2542484763006526,
            "count": 100
        },
        "ZombieWalker.Losses.PolicyLoss.sum": {
            "value": 19.103907760829863,
            "min": 3.1168557585808747,
            "max": 19.783019214772985,
            "count": 100
        },
        "ZombieWalker.Losses.ValueLoss.mean": {
            "value": 0.013027865415632884,
            "min": 0.00076961353324656,
            "max": 1.715492330249225,
            "count": 100
        },
        "ZombieWalker.Losses.ValueLoss.sum": {
            "value": 1.0422292332506307,
            "min": 0.012664990863027331,
            "max": 133.80840175943956,
            "count": 100
        },
        "ZombieWalker.Policy.LearningRate.mean": {
            "value": 1.5093544969149997e-06,
            "min": 1.5093544969149997e-06,
            "max": 0.0002983872005376,
            "count": 100
        },
        "ZombieWalker.Policy.LearningRate.sum": {
            "value": 0.00012074835975319997,
            "min": 0.00012074835975319997,
            "max": 0.0173996398001208,
            "count": 100
        },
        "ZombieWalker.Policy.Epsilon.mean": {
            "value": 0.1,
            "min": 0.09999999999999995,
            "max": 0.10000000000000005,
            "count": 100
        },
        "ZombieWalker.Policy.Epsilon.sum": {
            "value": 8.0,
            "min": 1.3000000000000003,
            "max": 8.1,
            "count": 100
        },
        "ZombieWalker.Policy.Beta.mean": {
            "value": 0.0005000000000000001,
            "min": 0.0005,
            "max": 0.0005000000000000003,
            "count": 100
        },
        "ZombieWalker.Policy.Beta.sum": {
            "value": 0.04000000000000001,
            "min": 0.006500000000000004,
            "max": 0.04050000000000001,
            "count": 100
        },
        "ZombieWalker.IsTraining.mean": {
            "value": 1.0,
            "min": 1.0,
            "max": 1.0,
            "count": 100
        },
        "ZombieWalker.IsTraining.sum": {
            "value": 1.0,
            "min": 1.0,
            "max": 1.0,
            "count": 100
        },
        "ZombieWalker.Environment.EpisodeLength.mean": {
            "value": 942.5454545454545,
            "min": 698.0,
            "max": 999.0,
            "count": 99
        },
        "ZombieWalker.Environment.EpisodeLength.sum": {
            "value": 10368.0,
            "min": 999.0,
            "max": 12935.0,
            "count": 99
        },
        "ZombieWalker.Environment.CumulativeReward.mean": {
            "value": 0.5454545454545454,
            "min": -0.16666666666666666,
            "max": 1.2,
            "count": 99
        },
        "ZombieWalker.Environment.CumulativeReward.sum": {
            "value": 6.0,
            "min": -2.0,
            "max": 12.0,
            "count": 99
        },
        "ZombieWalker.Policy.ExtrinsicReward.mean": {
            "value": 0.5454545454545454,
            "min": -0.16666666666666666,
            "max": 1.2,
            "count": 99
        },
        "ZombieWalker.Policy.ExtrinsicReward.sum": {
            "value": 6.0,
            "min": -2.0,
            "max": 12.0,
            "count": 99
        }
    },
    "metadata": {
        "timer_format_version": "0.1.0",
        "start_time_seconds": "1711389541",
        "python_version": "3.9.13 (tags/v3.9.13:6de2ca5, May 17 2022, 16:36:42) [MSC v.1929 64 bit (AMD64)]",
        "command_line_arguments": "C:\\Users\\01add\\Documents\\GitHub\\BachelorThesis\\venv\\Scripts\\mlagents-learn config/ZombieWalker.yaml --run-id=AdrianColTest17",
        "mlagents_version": "0.30.0",
        "mlagents_envs_version": "0.30.0",
        "communication_protocol_version": "1.5.0",
        "pytorch_version": "2.2.0+cpu",
        "numpy_version": "1.21.2",
        "end_time_seconds": "1711392754"
    },
    "total": 3212.5411615000003,
    "count": 1,
    "self": 0.012383300000237796,
    "children": {
        "run_training.setup": {
            "total": 0.10400510000000018,
            "count": 1,
            "self": 0.10400510000000018
        },
        "TrainerController.start_learning": {
            "total": 3212.4247731,
            "count": 1,
            "self": 1.9749308000555175,
            "children": {
                "TrainerController._reset_env": {
                    "total": 7.1189404,
                    "count": 1,
                    "self": 7.1189404
                },
                "TrainerController.advance": {
                    "total": 3202.9171507999445,
                    "count": 84119,
                    "self": 1.8251113000542318,
                    "children": {
                        "env_step": {
                            "total": 1048.3739760999702,
                            "count": 84119,
                            "self": 965.3541537999515,
                            "children": {
                                "SubprocessEnvManager._take_step": {
                                    "total": 81.91763899998088,
                                    "count": 84119,
                                    "self": 6.047147800026025,
                                    "children": {
                                        "TorchPolicy.evaluate": {
                                            "total": 75.87049119995486,
                                            "count": 83375,
                                            "self": 75.87049119995486
                                        }
                                    }
                                },
                                "workers": {
                                    "total": 1.1021833000377708,
                                    "count": 84119,
                                    "self": 0.0,
                                    "children": {
                                        "worker_root": {
                                            "total": 3203.428797300014,
                                            "count": 84119,
                                            "is_parallel": true,
                                            "self": 2348.9661675000193,
                                            "children": {
                                                "steps_from_proto": {
                                                    "total": 0.0006830999999998255,
                                                    "count": 1,
                                                    "is_parallel": true,
                                                    "self": 0.0001445000000002139,