{
    "name": "root",
    "gauges": {
        "ZombieWalker.Policy.Entropy.mean": {
            "value": 0.8191272616386414,
            "min": 0.8179113268852234,
            "max": 1.4027070999145508,
            "count": 100
        },
        "ZombieWalker.Policy.Entropy.sum": {
            "value": 8276.4619140625,
            "min": 8099.3671875,
            "max": 15081.90625,
            "count": 100
        },
        "ZombieWalker.Step.mean": {
            "value": 999945.0,
            "min": 9984.0,
            "max": 999945.0,
            "count": 100
        },
        "ZombieWalker.Step.sum": {
            "value": 999945.0,
            "min": 9984.0,
            "max": 999945.0,
            "count": 100
        },
        "ZombieWalker.Policy.ExtrinsicValueEstimate.mean": {
            "value": -0.042781125754117966,
            "min": -3.060377597808838,
            "max": 1.1626390218734741,
            "count": 100
        },
        "ZombieWalker.Policy.ExtrinsicValueEstimate.sum": {
            "value": -6.844980239868164,
            "min": -492.7207946777344,
            "max": 188.34751892089844,
            "count": 100
        },
        "ZombieWalker.Losses.PolicyLoss.mean": {
            "value": 0.24314336535776618,
            "min": 0.221238629345485,
            "max": 0.26553107799220466,
            "count": 100
        },
        "ZombieWalker.Losses.PolicyLoss.sum": {
            "value": 19.20832586326353,
            "min": 2.876102181491305,
            "max": 20.97695516138417,
            "count": 100
        },
        "ZombieWalker.Losses.ValueLoss.mean": {
            "value": 31.755362058968785,
            "min": 2.584106432721527e-05,
            "max": 7573.221936104204,
            "count": 100
        },
        "ZombieWalker.Losses.ValueLoss.sum": {
            "value": 2508.673602658534,
            "min": 0.0006977087368348122,
            "max": 560418.4232717111,
            "count": 100
        },
        "ZombieWalker.Policy.LearningRate.mean": {
            "value": 1.5164475958164544e-06,
            "min": 1.5164475958164544e-06,
            "max": 0.0002983872005376,
            "count": 100
        },
        "ZombieWalker.Policy.LearningRate.sum": {
            "value": 0.0001197993600694999,
            "min": 0.0001197993600694999,
            "max": 0.0171994349668557,
            "count": 100
        },
        "ZombieWalker.Policy.Epsilon.mean": {
            "value": 0.1005054493670886,
            "min": 0.1005054493670886,
            "max": 0.19946239999999998,
            "count": 100
        },
        "ZombieWalker.Policy.Epsilon.sum": {
            "value": 7.9399305,
            "min": 2.4897177,
            "max": 13.5484668,
            "count": 100
        },
        "ZombieWalker.Policy.Beta.mean": {
            "value": 0.0005000000000000001,
            "min": 0.0005,
            "max": 0.0005000000000000003,
            "count": 100
        },
        "ZombieWalker.Policy.Beta.sum": {
            "value": 0.03950000000000001,
            "min": 0.006500000000000004,
            "max": 0.04000000000000001,
            "count": 100
        },
        "ZombieWalker.IsTraining.mean": {
            "value": 1.0,
            "min": 1.0,
            "max": 1.0,
            "count": 100
        },
        "ZombieWalker.IsTraining.sum": {
            "value": 1.0,
            "min": 1.0,
            "max": 1.0,
            "count": 100
        },
        "ZombieWalker.Environment.EpisodeLength.mean": {
            "value": 999.0,
            "min": 681.1538461538462,
            "max": 999.0,
            "count": 99
        },
        "ZombieWalker.Environment.EpisodeLength.sum": {
            "value": 9990.0,
            "min": 999.0,
            "max": 13234.0,
            "count": 99
        },
        "ZombieWalker.Environment.CumulativeReward.mean": {
            "value": 0.0,
            "min": -0.6923076923076923,
            "max": 0.36363636363636365,
            "count": 99
        },
        "ZombieWalker.Environment.CumulativeReward.sum": {
            "value": 0.0,
            "min": -9.0,
            "max": 4.0,
            "count": 99
        },
        "ZombieWalker.Policy.ExtrinsicReward.mean": {
            "value": 0.0,
            "min": -0.6923076923076923,
            "max": 0.36363636363636365,
            "count": 99
        },
        "ZombieWalker.Policy.ExtrinsicReward.sum": {
            "value": 0.0,
            "min": -9.0,
            "max": 4.0,
            "count": 99
        }
    },
    "metadata": {
        "timer_format_version": "0.1.0",
        "start_time_seconds": "1710928539",
        "python_version": "3.9.13 (tags/v3.9.13:6de2ca5, May 17 2022, 16:36:42) [MSC v.1929 64 bit (AMD64)]",
        "command_line_arguments": "C:\\Users\\01add\\Documents\\GitHub\\BachelorThesis\\venv\\Scripts\\mlagents-learn config/ZombieWalker.yaml --run-id=AdrianColTest1",
        "mlagents_version": "0.30.0",
        "mlagents_envs_version": "0.30.0",
        "communication_protocol_version": "1.5.0",
        "pytorch_version": "2.2.0+cpu",
        "numpy_version": "1.21.2",
        "end_time_seconds": "1710931439"
    },
    "total": 2899.8861119999997,
    "count": 1,
    "self": 0.009742300000198156,
    "children": {
        "run_training.setup": {
            "total": 0.14945710000000023,
            "count": 1,
            "self": 0.14945710000000023
        },
        "TrainerController.start_learning": {
            "total": 2899.7269125999997,
            "count": 1,
            "self": 1.733519900004012,
            "children": {
                "TrainerController._reset_env": {
                    "total": 9.1556614,
                    "count": 1,
                    "self": 9.1556614
                },
                "TrainerController.advance": {
                    "total": 2888.7779695999957,
                    "count": 84136,
                    "self": 1.5725087999721836,
                    "children": {
                        "env_step": {
                            "total": 964.8708408000143,
                            "count": 84136,
                            "self": 889.0264524999301,
                            "children": {
                                "SubprocessEnvManager._take_step": {
                                    "total": 74.82816330005645,
                                    "count": 84136,
                                    "self": 5.030917500003028,
                                    "children": {
                                        "TorchPolicy.evaluate": {
                                            "total": 69.79724580005342,
                                            "count": 83366,
                                            "self": 69.79724580005342
                                        }
                                    }
                                },
                                "workers": {
                                    "total": 1.0162250000277933,
                                    "count": 84136,
                                    "self": 0.0,
                                    "children": {
                                        "worker_root": {
                                            "total": 2889.690939000059,
                                            "count": 84136,
                                            "is_parallel": true,
                                            "self": 2101.07585760001,
                                            "children": {
                                                "steps_from_proto": {
                                                    "total": 0.0005756000000003425,
                                                    "count": 1,
                                                    "is_parallel": true,
                                                    "self": 0.000109600000000043,