{
    "name": "root",
    "gauges": {
        "ZombieWalker.Policy.Entropy.mean": {
            "value": 1.3684550523757935,
            "min": 1.3683946132659912,
            "max": 1.4196290969848633,
            "count": 100
        },
        "ZombieWalker.Policy.Entropy.sum": {
            "value": 14023.927734375,
            "min": 13267.9541015625,
            "max": 15258.654296875,
            "count": 100
        },
        "ZombieWalker.Step.mean": {
            "value": 999941.0,
            "min": 9984.0,
            "max": 999941.0,
            "count": 100
        },
        "ZombieWalker.Step.sum": {
            "value": 999941.0,
            "min": 9984.0,
            "max": 999941.0,
            "count": 100
        },
        "ZombieWalker.Policy.ExtrinsicValueEstimate.mean": {
            "value": 0.007273287512362003,
            "min": -0.012997366487979889,
            "max": 0.13199573755264282,
            "count": 100
        },
        "ZombieWalker.Policy.ExtrinsicValueEstimate.sum": {
            "value": 1.1637259721755981,
            "min": -2.092576026916504,
            "max": 20.59133529663086,
            "count": 100
        },
        "ZombieWalker.Losses.PolicyLoss.mean": {
            "value": 0.23413356570560873,
            "min": 0.23413356570560873,
            "max": 0.2544513853007165,
            "count": 100
        },
        "ZombieWalker.Losses.PolicyLoss.sum": {
            "value": 9.599476193929958,
            "min": 3.0474948042918997,
            "max": 10.262795788704386,
            "count": 100
        },
        "ZombieWalker.Losses.ValueLoss.mean": {
            "value": 0.0006225320586922651,
            "min": 0.0001914040843937408,
            "max": 0.4553795427078763,
            "count": 100
        },
        "ZombieWalker.Losses.ValueLoss.sum": {
            "value": 0.025523814406382867,
            "min": 0.0024882530971186306,
            "max": 5.919934055202392,
            "count": 100
        },
        "ZombieWalker.Policy.LearningRate.mean": {
            "value": 2.499177930463416e-07,
            "min": 2.499177930463416e-07,
            "max": 4.973120053760001e-05,
            "count": 100
        },
        "ZombieWalker.Policy.LearningRate.sum": {
            "value": 1.0246629514900006e-05,
            "min": 1.0246629514900006e-05,
            "max": 0.0006754912490176,
            "count": 100
        },
        "ZombieWalker.Policy.Epsilon.mean": {
            "value": 0.09999999999999999,
            "min": 0.09999999999999998,
            "max": 0.10000000000000003,
            "count": 100
        },
        "ZombieWalker.Policy.Epsilon.sum": {
            "value": 4.1,
            "min": 1.3000000000000003,
            "max": 4.199999999999999,
            "count": 100
        },
        "ZombieWalker.Policy.Beta.mean": {
            "value": 0.0005,
            "min": 0.0005,
            "max": 0.0005000000000000003,
            "count": 100
        },
        "ZombieWalker.Policy.Beta.sum": {
            "value": 0.0205,
            "min": 0.006500000000000004,
            "max": 0.021,
            "count": 100
        },
        "ZombieWalker.IsTraining.mean": {
            "value": 1.0,
            "min": 1.0,
            "max": 1.0,
            "count": 100
        },
        "ZombieWalker.IsTraining.sum": {
            "value": 1.0,
            "min": 1.0,
            "max": 1.0,
            "count": 100
        },
        "ZombieWalker.Environment.EpisodeLength.mean": {
            "value": 999.0,
            "min": 879.0,
            "max": 999.0,
            "count": 93
        },
        "ZombieWalker.Environment.EpisodeLength.sum": {
            "value": 11988.0,
            "min": 999.0,
            "max": 12135.0,
            "count": 93
        },
        "ZombieWalker.Environment.CumulativeReward.mean": {
            "value": 0.16666666666666666,
            "min": -0.5,
            "max": 1.0,
            "count": 99
        },
        "ZombieWalker.Environment.CumulativeReward.sum": {
            "value": 2.0,
            "min": -1.0,
            "max": 8.0,
            "count": 99
        },
        "ZombieWalker.Policy.ExtrinsicReward.mean": {
            "value": 0.16666666666666666,
            "min": -0.5,
            "max": 1.0,
            "count": 99
        },
        "ZombieWalker.Policy.ExtrinsicReward.sum": {
            "value": 2.0,
            "min": -1.0,
            "max": 8.0,
            "count": 99
        }
    },
    "metadata": {
        "timer_format_version": "0.1.0",
        "start_time_seconds": "1711806787",
        "python_version": "3.9.13 (tags/v3.9.13:6de2ca5, May 17 2022, 16:36:42) [MSC v.1929 64 bit (AMD64)]",
        "command_line_arguments": "C:\\Users\\01add\\Documents\\GitHub\\BachelorThesis\\venv\\Scripts\\mlagents-learn config/ZombieWalker.yaml --run-id=AdrianColTest22",
        "mlagents_version": "0.30.0",
        "mlagents_envs_version": "0.30.0",
        "communication_protocol_version": "1.5.0",
        "pytorch_version": "2.2.0+cpu",
        "numpy_version": "1.21.2",
        "end_time_seconds": "1711809981"
    },
    "total": 3193.6559749,
    "count": 1,
    "self": 0.008352800000011484,
    "children": {
        "run_training.setup": {
            "total": 0.12490290000000037,
            "count": 1,
            "self": 0.12490290000000037
        },
        "TrainerController.start_learning": {
            "total": 3193.5227191999998,
            "count": 1,
            "self": 1.7628498999911244,
            "children": {
                "TrainerController._reset_env": {
                    "total": 7.6849007,
                    "count": 1,
                    "self": 7.6849007
                },
                "TrainerController.advance": {
                    "total": 3184.0240895000084,
                    "count": 83550,
                    "self": 1.9107707999969534,
                    "children": {
                        "env_step": {
                            "total": 1008.426061599987,
                            "count": 83550,
                            "self": 922.7777718999085,
                            "children": {
                                "SubprocessEnvManager._take_step": {
                                    "total": 84.48707320007532,
                                    "count": 83550,
                                    "self": 5.817031700080804,
                                    "children": {
                                        "TorchPolicy.evaluate": {
                                            "total": 78.67004149999451,
                                            "count": 83384,
                                            "self": 78.67004149999451
                                        }
                                    }
                                },
                                "workers": {
                                    "total": 1.161216500003139,
                                    "count": 83550,
                                    "self": 0.0,
                                    "children": {
                                        "worker_root": {
                                            "total": 3184.7927271999897,
                                            "count": 83550,
                                            "is_parallel": true,
                                            "self": 2371.746769499978,
                                            "children": {
                                                "steps_from_proto": {
                                                    "total": 0.0006572000000000244,
                                                    "count": 1,
                                                    "is_parallel": true,
                                                    "self": 0.00013139999999989271,