{
    "name": "root",
    "gauges": {
        "ZombieWalker.Policy.Entropy.mean": {
            "value": 0.25968390703201294,
            "min": 0.17255434393882751,
            "max": 0.8245499134063721,
            "count": 500
        },
        "ZombieWalker.Policy.Entropy.sum": {
            "value": 2633.19482421875,
            "min": 1786.9727783203125,
            "max": 8380.7255859375,
            "count": 500
        },
        "ZombieWalker.Environment.EpisodeLength.mean": {
            "value": 241.4102564102564,
            "min": 218.26666666666668,
            "max": 349.125,
            "count": 500
        },
        "ZombieWalker.Environment.EpisodeLength.sum": {
            "value": 9415.0,
            "min": 8175.0,
            "max": 11665.0,
            "count": 500
        },
        "ZombieWalker.Step.mean": {
            "value": 4999987.0,
            "min": 9987.0,
            "max": 4999987.0,
            "count": 500
        },
        "ZombieWalker.Step.sum": {
            "value": 4999987.0,
            "min": 9987.0,
            "max": 4999987.0,
            "count": 500
        },
        "ZombieWalker.Policy.ExtrinsicValueEstimate.mean": {
            "value": 0.3679404556751251,
            "min": 0.15824031829833984,
            "max": 0.4324078857898712,
            "count": 500
        },
        "ZombieWalker.Policy.ExtrinsicValueEstimate.sum": {
            "value": 65.49340057373047,
            "min": 27.217334747314453,
            "max": 76.84734344482422,
            "count": 500
        },
        "ZombieWalker.Environment.CumulativeReward.mean": {
            "value": 0.75,
            "min": 0.4666666666666667,
            "max": 1.0,
            "count": 500
        },
        "ZombieWalker.Environment.CumulativeReward.sum": {
            "value": 30.0,
            "min": 18.0,
            "max": 43.0,
            "count": 500
        },
        "ZombieWalker.Policy.ExtrinsicReward.mean": {
            "value": 0.75,
            "min": 0.4666666666666667,
            "max": 1.0,
            "count": 500
        },
        "ZombieWalker.Policy.ExtrinsicReward.sum": {
            "value": 30.0,
            "min": 18.0,
            "max": 43.0,
            "count": 500
        },
        "ZombieWalker.Losses.PolicyLoss.mean": {
            "value": 0.23916397595442362,
            "min": 0.2279514292245449,
            "max": 0.2521597189804552,
            "count": 500
        },
        "ZombieWalker.Losses.PolicyLoss.sum": {
            "value": 17.69813422062735,
            "min": 13.44913432424815,
            "max": 19.173745640730328,
            "count": 500
        },
        "ZombieWalker.Losses.ValueLoss.mean": {
            "value": 0.009223397453980625,
            "min": 0.0008054461410401299,
            "max": 7.001169386061367,
            "count": 500
        },
        "ZombieWalker.Losses.ValueLoss.sum": {
            "value": 0.6825314115945663,
            "min": 0.059603014436969616,
            "max": 525.0877039546025,
            "count": 500
        },
        "ZombieWalker.Policy.LearningRate.mean": {
            "value": 3.039058446772972e-07,
            "min": 3.039058446772972e-07,
            "max": 0.00029963456859638673,
            "count": 500
        },
        "ZombieWalker.Policy.LearningRate.sum": {
            "value": 2.2489032506119993e-05,
            "min": 2.2489032506119993e-05,
            "max": 0.022753122355625915,
            "count": 500
        },
        "ZombieWalker.Policy.Epsilon.mean": {
            "value": 0.10010126864864866,
            "min": 0.10010126864864866,
            "max": 0.19987818949152544,
            "count": 500
        },
        "ZombieWalker.Policy.Epsilon.sum": {
            "value": 7.4074938800000005,
            "min": 7.250481340000001,
            "max": 15.284374080000003,
            "count": 500
        },
        "ZombieWalker.Policy.Beta.mean": {
            "value": 0.0005000000000000001,
            "min": 0.0005,
            "max": 0.0005000000000000001,
            "count": 500
        },
        "ZombieWalker.Policy.Beta.sum": {
            "value": 0.037000000000000005,
            "min": 0.029500000000000005,
            "max": 0.03950000000000001,
            "count": 500
        },
        "ZombieWalker.IsTraining.mean": {
            "value": 1.0,
            "min": 1.0,
            "max": 1.0,
            "count": 500
        },
        "ZombieWalker.IsTraining.sum": {
            "value": 1.0,
            "min": 1.0,
            "max": 1.0,
            "count": 500
        }
    },
    "metadata": {
        "timer_format_version": "0.1.0",
        "start_time_seconds": "1712869966",
        "python_version": "3.9.13 (tags/v3.9.13:6de2ca5, May 17 2022, 16:36:42) [MSC v.1929 64 bit (AMD64)]",
        "command_line_arguments": "C:\\Github Repositories\\BachelorThesis\\venv\\Scripts\\mlagents-learn config/ZombieWalker.yaml --initialize-from=fresh11 --run-id=fresh12",
        "mlagents_version": "0.30.0",
        "mlagents_envs_version": "0.30.0",
        "communication_protocol_version": "1.5.0",
        "pytorch_version": "2.2.0+cpu",
        "numpy_version": "1.21.2",
        "end_time_seconds": "1712878432"
    },
    "total": 8466.767438500001,
    "count": 1,
    "self": 0.006383300000379677,
    "children": {
        "run_training.setup": {
            "total": 0.09085499999999991,
            "count": 1,
            "self": 0.09085499999999991
        },
        "TrainerController.start_learning": {
            "total": 8466.6702002,
            "count": 1,
            "self": 5.841902599970126,
            "children": {
                "TrainerController._reset_env": {
                    "total": 5.5585059999999995,
                    "count": 1,
                    "self": 5.5585059999999995
                },
                "TrainerController.advance": {
                    "total": 8455.24003050003,
                    "count": 431664,
                    "self": 5.296189199965738,
                    "children": {
                        "env_step": {
                            "total": 3045.9852387999754,
                            "count": 431664,
                            "self": 2817.1987169000363,
                            "children": {
                                "SubprocessEnvManager._take_step": {
                                    "total": 225.2472723998593,
                                    "count": 431664,
                                    "self": 16.899639399910086,
                                    "children": {
                                        "TorchPolicy.evaluate": {
                                            "total": 208.3476329999492,
                                            "count": 416702,
                                            "self": 208.3476329999492
                                        }
                                    }
                                },
                                "workers": {
                                    "total": 3.5392495000799684,
                                    "count": 431664,
                                    "self": 0.0,
                                    "children": {
                                        "worker_root": {
                                            "total": 8455.179859200216,
                                            "count": 431664,
                                            "is_parallel": true,
                                            "self": 5978.466832700144,
                                            "children": {
                                                "steps_from_proto": {
                                                    "total": 0.0019400000000002748,
                                                    "count": 1,
                                                    "is_parallel": true,