{
    "name": "root",
    "gauges": {
        "ZombieWalker.Policy.Entropy.mean": {
            "value": 0.9551775455474854,
            "min": 0.9551775455474854,
            "max": 1.4077471494674683,
            "count": 100
        },
        "ZombieWalker.Policy.Entropy.sum": {
            "value": 9616.7275390625,
            "min": 9426.1298828125,
            "max": 15136.09765625,
            "count": 100
        },
        "ZombieWalker.Step.mean": {
            "value": 999972.0,
            "min": 9984.0,
            "max": 999972.0,
            "count": 100
        },
        "ZombieWalker.Step.sum": {
            "value": 999972.0,
            "min": 9984.0,
            "max": 999972.0,
            "count": 100
        },
        "ZombieWalker.Policy.ExtrinsicValueEstimate.mean": {
            "value": 0.005437792278826237,
            "min": -0.0936734601855278,
            "max": 0.08388493210077286,
            "count": 100
        },
        "ZombieWalker.Policy.ExtrinsicValueEstimate.sum": {
            "value": 0.8754845857620239,
            "min": -14.613059997558594,
            "max": 13.505474090576172,
            "count": 100
        },
        "ZombieWalker.Losses.PolicyLoss.mean": {
            "value": 0.23728649041624364,
            "min": 0.23164815629343316,
            "max": 0.2492550850852472,
            "count": 100
        },
        "ZombieWalker.Losses.PolicyLoss.sum": {
            "value": 18.98291923329949,
            "min": 3.011426031814631,
            "max": 19.940406806819777,
            "count": 100
        },
        "ZombieWalker.Losses.ValueLoss.mean": {
            "value": 0.016358543302507574,
            "min": 0.0005147452378724714,
            "max": 7.352012299288888,
            "count": 100
        },
        "ZombieWalker.Losses.ValueLoss.sum": {
            "value": 1.308683464200606,
            "min": 0.027281497607240985,
            "max": 95.57615989075555,
            "count": 100
        },
        "ZombieWalker.Policy.LearningRate.mean": {
            "value": 1.4862657546112505e-06,
            "min": 1.4862657546112505e-06,
            "max": 0.0002983872005376,
            "count": 100
        },
        "ZombieWalker.Policy.LearningRate.sum": {
            "value": 0.00011890126036890004,
            "min": 0.00011890126036890004,
            "max": 0.016028997657001602,
            "count": 100
        },
        "ZombieWalker.Policy.Epsilon.mean": {
            "value": 0.10049538875000001,
            "min": 0.10049538875000001,
            "max": 0.19946239999999998,
            "count": 100
        },
        "ZombieWalker.Policy.Epsilon.sum": {
            "value": 8.039631100000001,
            "min": 2.4897085999999997,
            "max": 13.239796,
            "count": 100
        },
        "ZombieWalker.Policy.Beta.mean": {
            "value": 0.0005000000000000001,
            "min": 0.0005,
            "max": 0.0005000000000000003,
            "count": 100
        },
        "ZombieWalker.Policy.Beta.sum": {
            "value": 0.04000000000000001,
            "min": 0.006500000000000004,
            "max": 0.04050000000000001,
            "count": 100
        },
        "ZombieWalker.IsTraining.mean": {
            "value": 1.0,
            "min": 1.0,
            "max": 1.0,
            "count": 100
        },
        "ZombieWalker.IsTraining.sum": {
            "value": 1.0,
            "min": 1.0,
            "max": 1.0,
            "count": 100
        },
        "ZombieWalker.Environment.EpisodeLength.mean": {
            "value": 962.0,
            "min": 749.9230769230769,
            "max": 999.0,
            "count": 98
        },
        "ZombieWalker.Environment.EpisodeLength.sum": {
            "value": 10582.0,
            "min": 999.0,
            "max": 12673.0,
            "count": 98
        },
        "ZombieWalker.Environment.CumulativeReward.mean": {
            "value": 0.09090909090909091,
            "min": -0.5,
            "max": 1.0,
            "count": 98
        },
        "ZombieWalker.Environment.CumulativeReward.sum": {
            "value": 1.0,
            "min": -5.0,
            "max": 10.0,
            "count": 98
        },
        "ZombieWalker.Policy.ExtrinsicReward.mean": {
            "value": 0.09090909090909091,
            "min": -0.5,
            "max": 1.0,
            "count": 98
        },
        "ZombieWalker.Policy.ExtrinsicReward.sum": {
            "value": 1.0,
            "min": -5.0,
            "max": 10.0,
            "count": 98
        }
    },
    "metadata": {
        "timer_format_version": "0.1.0",
        "start_time_seconds": "1711377680",
        "python_version": "3.9.13 (tags/v3.9.13:6de2ca5, May 17 2022, 16:36:42) [MSC v.1929 64 bit (AMD64)]",
        "command_line_arguments": "C:\\Users\\01add\\Documents\\GitHub\\BachelorThesis\\venv\\Scripts\\mlagents-learn config/ZombieWalker.yaml --run-id=AdrianColTest14",
        "mlagents_version": "0.30.0",
        "mlagents_envs_version": "0.30.0",
        "communication_protocol_version": "1.5.0",
        "pytorch_version": "2.2.0+cpu",
        "numpy_version": "1.21.2",
        "end_time_seconds": "1711380798"
    },
    "total": 3118.6183041000004,
    "count": 1,
    "self": 0.008507700000336627,
    "children": {
        "run_training.setup": {
            "total": 0.15803100000000025,
            "count": 1,
            "self": 0.15803100000000025
        },
        "TrainerController.start_learning": {
            "total": 3118.4517654,
            "count": 1,
            "self": 1.8302300000059404,
            "children": {
                "TrainerController._reset_env": {
                    "total": 7.8797993,
                    "count": 1,
                    "self": 7.8797993
                },
                "TrainerController.advance": {
                    "total": 3108.6886784999942,
                    "count": 84048,
                    "self": 1.8355184999445555,
                    "children": {
                        "env_step": {
                            "total": 1018.8576231000113,
                            "count": 84048,
                            "self": 939.2517455999902,
                            "children": {
                                "SubprocessEnvManager._take_step": {
                                    "total": 78.49365119999558,
                                    "count": 84048,
                                    "self": 5.686639100015512,
                                    "children": {
                                        "TorchPolicy.evaluate": {
                                            "total": 72.80701209998007,
                                            "count": 83371,
                                            "self": 72.80701209998007
                                        }
                                    }
                                },
                                "workers": {
                                    "total": 1.1122263000255614,
                                    "count": 84048,
                                    "self": 0.0,
                                    "children": {
                                        "worker_root": {
                                            "total": 3109.6840478999707,
                                            "count": 84048,
                                            "is_parallel": true,
                                            "self": 2277.513868799932,
                                            "children": {
                                                "steps_from_proto": {
                                                    "total": 0.0005740000000002965,
                                                    "count": 1,
                                                    "is_parallel": true,
                                                    "self": 0.00011420000000050834,