{
    "name": "root",
    "gauges": {
        "ZombieWalker.Policy.Entropy.mean": {
            "value": 0.5463762879371643,
            "min": 0.5463762879371643,
            "max": 0.7436034679412842,
            "count": 833
        },
        "ZombieWalker.Policy.Entropy.sum": {
            "value": 16452.482421875,
            "min": 15910.5302734375,
            "max": 22663.875,
            "count": 833
        },
        "ZombieWalker.Environment.EpisodeLength.mean": {
            "value": 72.89408866995073,
            "min": 15.555432984004412,
            "max": 81.1945205479452,
            "count": 833
        },
        "ZombieWalker.Environment.EpisodeLength.sum": {
            "value": 29595.0,
            "min": 28202.0,
            "max": 29935.0,
            "count": 833
        },
        "ZombieWalker.Step.mean": {
            "value": 24989988.0,
            "min": 29997.0,
            "max": 24989988.0,
            "count": 833
        },
        "ZombieWalker.Step.sum": {
            "value": 24989988.0,
            "min": 29997.0,
            "max": 24989988.0,
            "count": 833
        },
        "ZombieWalker.Policy.ExtrinsicValueEstimate.mean": {
            "value": 60.720035552978516,
            "min": 4.036506652832031,
            "max": 67.16683197021484,
            "count": 833
        },
        "ZombieWalker.Policy.ExtrinsicValueEstimate.sum": {
            "value": 24652.333984375,
            "min": 7318.1865234375,
            "max": 95729.15625,
            "count": 833
        },
        "ZombieWalker.Environment.CumulativeReward.mean": {
            "value": 129.046582872204,
            "min": 7.712468239995223,
            "max": 149.55234522939676,
            "count": 833
        },
        "ZombieWalker.Environment.CumulativeReward.sum": {
            "value": 52392.912646114826,
            "min": 13504.531888231635,
            "max": 56381.23415148258,
            "count": 833
        },
        "ZombieWalker.Policy.ExtrinsicReward.mean": {
            "value": 129.046582872204,
            "min": 7.712468239995223,
            "max": 149.55234522939676,
            "count": 833
        },
        "ZombieWalker.Policy.ExtrinsicReward.sum": {
            "value": 52392.912646114826,
            "min": 13504.531888231635,
            "max": 56381.23415148258,
            "count": 833
        },
        "ZombieWalker.Losses.PolicyLoss.mean": {
            "value": 0.01676527899641466,
            "min": 0.01061456600970511,
            "max": 0.02413313034727859,
            "count": 833
        },
        "ZombieWalker.Losses.PolicyLoss.sum": {
            "value": 0.03353055799282932,
            "min": 0.01061456600970511,
            "max": 0.04394473231950542,
            "count": 833
        },
        "ZombieWalker.Losses.ValueLoss.mean": {
            "value": 161.03205528259278,
            "min": 60.50450146993001,
            "max": 3492.5287923177084,
            "count": 833
        },
        "ZombieWalker.Losses.ValueLoss.sum": {
            "value": 322.06411056518556,
            "min": 60.50450146993001,
            "max": 3492.5287923177084,
            "count": 833
        },
        "ZombieWalker.Policy.LearningRate.mean": {
            "value": 3.2322989228999925e-07,
            "min": 3.2322989228999925e-07,
            "max": 0.00029975409608196796,
            "count": 833
        },
        "ZombieWalker.Policy.LearningRate.sum": {
            "value": 6.464597845799985e-07,
            "min": 6.464597845799985e-07,
            "max": 0.0005982787085737642,
            "count": 833
        },
        "ZombieWalker.Policy.Epsilon.mean": {
            "value": 0.10010771000000002,
            "min": 0.10010771000000002,
            "max": 0.19991803200000008,
            "count": 833
        },
        "ZombieWalker.Policy.Epsilon.sum": {
            "value": 0.20021542000000003,
            "min": 0.10023083199999998,
            "max": 0.39942623600000005,
            "count": 833
        },
        "ZombieWalker.Policy.Beta.mean": {
            "value": 1.5374728999999986e-05,
            "min": 1.5374728999999986e-05,
            "max": 0.0049959097968,
            "count": 833
        },
        "ZombieWalker.Policy.Beta.sum": {
            "value": 3.074945799999997e-05,
            "min": 2.151851680000015e-05,
            "max": 0.009971369176400003,
            "count": 833
        },
        "ZombieWalker.IsTraining.mean": {
            "value": 1.0,
            "min": 1.0,
            "max": 1.0,
            "count": 833
        },
        "ZombieWalker.IsTraining.sum": {
            "value": 1.0,
            "min": 1.0,
            "max": 1.0,
            "count": 833
        }
    },
    "metadata": {
        "timer_format_version": "0.1.0",
        "start_time_seconds": "1715115469",
        "python_version": "3.9.13 (tags/v3.9.13:6de2ca5, May 17 2022, 16:36:42) [MSC v.1929 64 bit (AMD64)]",
        "command_line_arguments": "C:\\Github Repositories\\BachelorThesis\\venv\\Scripts\\mlagents-learn config/ZombieWalker.yaml --initialize-from=LastWalkTest4 --run-id=WalkRandom1",
        "mlagents_version": "0.30.0",
        "mlagents_envs_version": "0.30.0",
        "communication_protocol_version": "1.5.0",
        "pytorch_version": "2.2.0+cpu",
        "numpy_version": "1.21.2",
        "end_time_seconds": "1715136042"
    },
    "total": 20573.0214352,
    "count": 1,
    "self": 0.005837900000187801,
    "children": {
        "run_training.setup": {
            "total": 0.09506820000000005,
            "count": 1,
            "self": 0.09506820000000005
        },
        "TrainerController.start_learning": {
            "total": 20572.9205291,
            "count": 1,
            "self": 26.024016800467507,
            "children": {
                "TrainerController._reset_env": {
                    "total": 8.2613409,
                    "count": 1,
                    "self": 8.2613409
                },
                "TrainerController.advance": {
                    "total": 20538.580713299532,
                    "count": 1967997,
                    "self": 23.14921939958731,
                    "children": {
                        "env_step": {
                            "total": 14049.884874200916,
                            "count": 1967997,
                            "self": 12834.849841398416,
                            "children": {
                                "SubprocessEnvManager._take_step": {
                                    "total": 1197.7710483001856,
                                    "count": 1967997,
                                    "self": 73.57840270133102,
                                    "children": {
                                        "TorchPolicy.evaluate": {
                                            "total": 1124.1926455988546,
                                            "count": 1562554,
                                            "self": 1124.1926455988546
                                        }
                                    }
                                },
                                "workers": {
                                    "total": 17.26398450231313,
                                    "count": 1967997,
                                    "self": 0.0,
                                    "children": {
                                        "worker_root": {
                                            "total": 20535.97421450055,
                                            "count": 1967997,
                                            "is_parallel": true,
                                            "self": 9301.035859798163,
                                            "children": {
                                                "steps_from_proto": {
                                                    "total": 0.0009918999999998235,