{
    "name": "root",
    "gauges": {
        "ZombieWalker.Policy.Entropy.mean": {
            "value": 0.15024720132350922,
            "min": 0.15024225413799286,
            "max": 0.9931973814964294,
            "count": 500
        },
        "ZombieWalker.Policy.Entropy.sum": {
            "value": 1498.26513671875,
            "min": 1482.0343017578125,
            "max": 9958.423828125,
            "count": 500
        },
        "ZombieWalker.Step.mean": {
            "value": 4999950.0,
            "min": 9957.0,
            "max": 4999950.0,
            "count": 500
        },
        "ZombieWalker.Step.sum": {
            "value": 4999950.0,
            "min": 9957.0,
            "max": 4999950.0,
            "count": 500
        },
        "ZombieWalker.Policy.ExtrinsicValueEstimate.mean": {
            "value": 0.41007861495018005,
            "min": 0.1717715561389923,
            "max": 0.4749147295951843,
            "count": 500
        },
        "ZombieWalker.Policy.ExtrinsicValueEstimate.sum": {
            "value": 75.04438781738281,
            "min": 29.20116424560547,
            "max": 87.85922241210938,
            "count": 500
        },
        "ZombieWalker.Losses.PolicyLoss.mean": {
            "value": 0.2373247988217172,
            "min": 0.22589317120176816,
            "max": 0.26778001163958565,
            "count": 500
        },
        "ZombieWalker.Losses.PolicyLoss.sum": {
            "value": 17.324710313985356,
            "min": 12.688216251915991,
            "max": 20.619060896248094,
            "count": 500
        },
        "ZombieWalker.Losses.ValueLoss.mean": {
            "value": 0.00988344041141042,
            "min": 0.0014072605633084331,
            "max": 16.795661942909916,
            "count": 500
        },
        "ZombieWalker.Losses.ValueLoss.sum": {
            "value": 0.7214911500329606,
            "min": 0.10554454224813249,
            "max": 906.9657449171356,
            "count": 500
        },
        "ZombieWalker.Policy.LearningRate.mean": {
            "value": 3.069900346895885e-07,
            "min": 3.069900346895885e-07,
            "max": 0.0002996260379024319,
            "count": 500
        },
        "ZombieWalker.Policy.LearningRate.sum": {
            "value": 2.241027253233996e-05,
            "min": 2.241027253233996e-05,
            "max": 0.023142704965765034,
            "count": 500
        },
        "ZombieWalker.Policy.Epsilon.mean": {
            "value": 0.10010229671232877,
            "min": 0.10010229671232877,
            "max": 0.19987534592592596,
            "count": 500
        },
        "ZombieWalker.Policy.Epsilon.sum": {
            "value": 7.30746766,
            "min": 7.22061626,
            "max": 15.51423496,
            "count": 500
        },
        "ZombieWalker.Policy.Beta.mean": {
            "value": 0.0005,
            "min": 0.0005,
            "max": 0.0005000000000000001,
            "count": 500
        },
        "ZombieWalker.Policy.Beta.sum": {
            "value": 0.036500000000000005,
            "min": 0.027000000000000003,
            "max": 0.03950000000000001,
            "count": 500
        },
        "ZombieWalker.Environment.EpisodeLength.mean": {
            "value": 221.49019607843138,
            "min": 168.17543859649123,
            "max": 365.5,
            "count": 500
        },
        "ZombieWalker.Environment.EpisodeLength.sum": {
            "value": 11296.0,
            "min": 7728.0,
            "max": 12268.0,
            "count": 500
        },
        "ZombieWalker.Environment.CumulativeReward.mean": {
            "value": 0.7450980392156863,
            "min": 0.25,
            "max": 1.0,
            "count": 500
        },
        "ZombieWalker.Environment.CumulativeReward.sum": {
            "value": 38.0,
            "min": 9.0,
            "max": 46.0,
            "count": 500
        },
        "ZombieWalker.Policy.ExtrinsicReward.mean": {
            "value": 0.7450980392156863,
            "min": 0.25,
            "max": 1.0,
            "count": 500
        },
        "ZombieWalker.Policy.ExtrinsicReward.sum": {
            "value": 38.0,
            "min": 9.0,
            "max": 46.0,
            "count": 500
        },
        "ZombieWalker.IsTraining.mean": {
            "value": 1.0,
            "min": 1.0,
            "max": 1.0,
            "count": 500
        },
        "ZombieWalker.IsTraining.sum": {
            "value": 1.0,
            "min": 1.0,
            "max": 1.0,
            "count": 500
        }
    },
    "metadata": {
        "timer_format_version": "0.1.0",
        "start_time_seconds": "1712848896",
        "python_version": "3.9.13 (tags/v3.9.13:6de2ca5, May 17 2022, 16:36:42) [MSC v.1929 64 bit (AMD64)]",
        "command_line_arguments": "C:\\Github Repositories\\BachelorThesis\\venv\\Scripts\\mlagents-learn config/ZombieWalker.yaml --initialize-from=fresh10 --run-id=fresh11",
        "mlagents_version": "0.30.0",
        "mlagents_envs_version": "0.30.0",
        "communication_protocol_version": "1.5.0",
        "pytorch_version": "2.2.0+cpu",
        "numpy_version": "1.21.2",
        "end_time_seconds": "1712857315"
    },
    "total": 8418.0870581,
    "count": 1,
    "self": 0.015804799999386887,
    "children": {
        "run_training.setup": {
            "total": 0.08882760000000012,
            "count": 1,
            "self": 0.08882760000000012
        },
        "TrainerController.start_learning": {
            "total": 8417.9824257,
            "count": 1,
            "self": 5.785866800018994,
            "children": {
                "TrainerController._reset_env": {
                    "total": 6.666670099999999,
                    "count": 1,
                    "self": 6.666670099999999
                },
                "TrainerController.advance": {
                    "total": 8405.50210079998,
                    "count": 433741,
                    "self": 5.396714599972256,
                    "children": {
                        "env_step": {
                            "total": 3040.9941798999625,
                            "count": 433741,
                            "self": 2817.486933100129,
                            "children": {
                                "SubprocessEnvManager._take_step": {
                                    "total": 219.97945359986602,
                                    "count": 433741,
                                    "self": 16.737482899722806,
                                    "children": {
                                        "TorchPolicy.evaluate": {
                                            "total": 203.2419707001432,
                                            "count": 416697,
                                            "self": 203.2419707001432
                                        }
                                    }
                                },
                                "workers": {
                                    "total": 3.5277931999674124,
                                    "count": 433741,
                                    "self": 0.0,
                                    "children": {
                                        "worker_root": {
                                            "total": 8405.19082850032,
                                            "count": 433741,
                                            "is_parallel": true,
                                            "self": 5927.66996549995,
                                            "children": {
                                                "steps_from_proto": {
                                                    "total": 0.0005132999999997168,
                                                    "count": 1,
                                                    "is_parallel": true,
                                                    "self": 0.0001011999999995794,