{
    "name": "root",
    "gauges": {
        "ZombieWalker.Policy.Entropy.mean": {
            "value": 0.22739532589912415,
            "min": 0.22739532589912415,
            "max": 0.5164018273353577,
            "count": 50
        },
        "ZombieWalker.Policy.Entropy.sum": {
            "value": 2264.857421875,
            "min": 2264.857421875,
            "max": 5211.52734375,
            "count": 50
        },
        "ZombieWalker.Environment.EpisodeLength.mean": {
            "value": 8.376525821596244,
            "min": 7.8686779059449865,
            "max": 9.052261306532664,
            "count": 50
        },
        "ZombieWalker.Environment.EpisodeLength.sum": {
            "value": 8921.0,
            "min": 8868.0,
            "max": 9007.0,
            "count": 50
        },
        "ZombieWalker.Step.mean": {
            "value": 499999.0,
            "min": 9997.0,
            "max": 499999.0,
            "count": 50
        },
        "ZombieWalker.Step.sum": {
            "value": 499999.0,
            "min": 9997.0,
            "max": 499999.0,
            "count": 50
        },
        "ZombieWalker.Policy.ExtrinsicValueEstimate.mean": {
            "value": -0.9813463687896729,
            "min": -1.0388420820236206,
            "max": -0.9719052314758301,
            "count": 50
        },
        "ZombieWalker.Policy.ExtrinsicValueEstimate.sum": {
            "value": -1046.115234375,
            "min": -1168.0,
            "max": -991.9296264648438,
            "count": 50
        },
        "ZombieWalker.Environment.CumulativeReward.mean": {
            "value": -1.0500530492633189,
            "min": -1.0865419613636607,
            "max": -1.0259951639973945,
            "count": 50
        },
        "ZombieWalker.Environment.CumulativeReward.sum": {
            "value": -1119.356550514698,
            "min": -1220.6317319273949,
            "max": -1044.6588814258575,
            "count": 50
        },
        "ZombieWalker.Policy.ExtrinsicReward.mean": {
            "value": -1.0500530492633189,
            "min": -1.0865419613636607,
            "max": -1.0259951639973945,
            "count": 50
        },
        "ZombieWalker.Policy.ExtrinsicReward.sum": {
            "value": -1119.356550514698,
            "min": -1220.6317319273949,
            "max": -1044.6588814258575,
            "count": 50
        },
        "ZombieWalker.Losses.PolicyLoss.mean": {
            "value": 0.2383132726875608,
            "min": 0.23174822724818323,
            "max": 0.24775851995779632,
            "count": 50
        },
        "ZombieWalker.Losses.PolicyLoss.sum": {
            "value": 22.163134359943154,
            "min": 21.320836906832856,
            "max": 23.191688590900007,
            "count": 50
        },
        "ZombieWalker.Losses.ValueLoss.mean": {
            "value": 0.019137608868558892,
            "min": 0.014587936003018186,
            "max": 0.13116576224656704,
            "count": 50
        },
        "ZombieWalker.Losses.ValueLoss.sum": {
            "value": 1.779797624775977,
            "min": 1.3712659842837094,
            "max": 12.329581651177302,
            "count": 50
        },
        "ZombieWalker.Policy.LearningRate.mean": {
            "value": 2.9887054554107545e-06,
            "min": 2.9887054554107545e-06,
            "max": 0.0002969603435664106,
            "count": 50
        },
        "ZombieWalker.Policy.LearningRate.sum": {
            "value": 0.00027794960735320017,
            "min": 0.00027794960735320017,
            "max": 0.027914272295242598,
            "count": 50
        },
        "ZombieWalker.Policy.Epsilon.mean": {
            "value": 0.10099620215053765,
            "min": 0.10099620215053765,
            "max": 0.1989867808510638,
            "count": 50
        },
        "ZombieWalker.Policy.Epsilon.sum": {
            "value": 9.392646800000001,
            "min": 9.392646800000001,
            "max": 18.7047574,
            "count": 50
        },
        "ZombieWalker.Policy.Beta.mean": {
            "value": 0.0005000000000000001,
            "min": 0.0005000000000000001,
            "max": 0.0005000000000000001,
            "count": 50
        },
        "ZombieWalker.Policy.Beta.sum": {
            "value": 0.046500000000000014,
            "min": 0.04600000000000001,
            "max": 0.047000000000000014,
            "count": 50
        },
        "ZombieWalker.IsTraining.mean": {
            "value": 1.0,
            "min": 1.0,
            "max": 1.0,
            "count": 50
        },
        "ZombieWalker.IsTraining.sum": {
            "value": 1.0,
            "min": 1.0,
            "max": 1.0,
            "count": 50
        }
    },
    "metadata": {
        "timer_format_version": "0.1.0",
        "start_time_seconds": "1709307490",
        "python_version": "3.9.13 (tags/v3.9.13:6de2ca5, May 17 2022, 16:36:42) [MSC v.1929 64 bit (AMD64)]",
        "command_line_arguments": "C:\\Github Repositories\\BachelorThesis\\venv\\Scripts\\mlagents-learn config/ZombieWalker.yaml --initialize-from=test2 --run-id=test3",
        "mlagents_version": "0.30.0",
        "mlagents_envs_version": "0.30.0",
        "communication_protocol_version": "1.5.0",
        "pytorch_version": "2.2.0+cpu",
        "numpy_version": "1.21.2",
        "end_time_seconds": "1709308602"
    },
    "total": 1111.4158113,
    "count": 1,
    "self": 0.004747700000052646,
    "children": {
        "run_training.setup": {
            "total": 0.07519740000000019,
            "count": 1,
            "self": 0.07519740000000019
        },
        "TrainerController.start_learning": {
            "total": 1111.3358662,
            "count": 1,
            "self": 1.358297100006439,
            "children": {
                "TrainerController._reset_env": {
                    "total": 7.345855200000001,
                    "count": 1,
                    "self": 7.345855200000001
                },
                "TrainerController.advance": {
                    "total": 1102.5957307999938,
                    "count": 80181,
                    "self": 1.2331903999902352,
                    "children": {
                        "env_step": {
                            "total": 437.2456092999871,
                            "count": 80181,
                            "self": 409.6293597999599,
                            "children": {
                                "SubprocessEnvManager._take_step": {
                                    "total": 26.84790900001915,
                                    "count": 80181,
                                    "self": 2.1266281000336633,
                                    "children": {
                                        "TorchPolicy.evaluate": {
                                            "total": 24.721280899985487,
                                            "count": 41671,
                                            "self": 24.721280899985487
                                        }
                                    }
                                },
                                "workers": {
                                    "total": 0.7683405000080388,
                                    "count": 80181,
                                    "self": 0.0,
                                    "children": {
                                        "worker_root": {
                                            "total": 1103.0356221999941,
                                            "count": 80181,
                                            "is_parallel": true,
                                            "self": 754.973944299998,
                                            "children": {
                                                "steps_from_proto": {
                                                    "total": 0.0005433999999997496,
                                                    "count": 1,