{
    "name": "root",
    "gauges": {
        "ZombieWalker.Policy.Entropy.mean": {
            "value": 0.11026423424482346,
            "min": 0.11026380956172943,
            "max": 0.4714238941669464,
            "count": 832
        },
        "ZombieWalker.Policy.Entropy.sum": {
            "value": 3311.45556640625,
            "min": 3298.1865234375,
            "max": 14140.12109375,
            "count": 832
        },
        "ZombieWalker.Environment.EpisodeLength.mean": {
            "value": 20.978021978021978,
            "min": 9.10508588750421,
            "max": 21.016152716593247,
            "count": 832
        },
        "ZombieWalker.Environment.EpisodeLength.sum": {
            "value": 28635.0,
            "min": 10801.0,
            "max": 28657.0,
            "count": 832
        },
        "ZombieWalker.Step.mean": {
            "value": 24989991.0,
            "min": 59995.0,
            "max": 24989991.0,
            "count": 832
        },
        "ZombieWalker.Step.sum": {
            "value": 24989991.0,
            "min": 59995.0,
            "max": 24989991.0,
            "count": 832
        },
        "ZombieWalker.Policy.ExtrinsicValueEstimate.mean": {
            "value": 7.192333221435547,
            "min": -1.0047277212142944,
            "max": 7.450170993804932,
            "count": 832
        },
        "ZombieWalker.Policy.ExtrinsicValueEstimate.sum": {
            "value": 9817.53515625,
            "min": -2977.00830078125,
            "max": 10239.041015625,
            "count": 832
        },
        "ZombieWalker.Environment.CumulativeReward.mean": {
            "value": 11.456759178201795,
            "min": -0.8132774690659594,
            "max": 11.944057171666708,
            "count": 832
        },
        "ZombieWalker.Environment.CumulativeReward.sum": {
            "value": 15638.476278245449,
            "min": -2409.7411408424377,
            "max": 16363.358325183392,
            "count": 832
        },
        "ZombieWalker.Policy.ExtrinsicReward.mean": {
            "value": 11.456759178201795,
            "min": -0.8132774690659594,
            "max": 11.944057171666708,
            "count": 832
        },
        "ZombieWalker.Policy.ExtrinsicReward.sum": {
            "value": 15638.476278245449,
            "min": -2409.7411408424377,
            "max": 16363.358325183392,
            "count": 832
        },
        "ZombieWalker.IsTraining.mean": {
            "value": 1.0,
            "min": 1.0,
            "max": 1.0,
            "count": 832
        },
        "ZombieWalker.IsTraining.sum": {
            "value": 1.0,
            "min": 1.0,
            "max": 1.0,
            "count": 832
        },
        "ZombieWalker.Losses.PolicyLoss.mean": {
            "value": 0.014478482388706955,
            "min": 0.010702969868240568,
            "max": 0.025430264888564126,
            "count": 831
        },
        "ZombieWalker.Losses.PolicyLoss.sum": {
            "value": 0.02895696477741391,
            "min": 0.010702969868240568,
            "max": 0.05086052977712825,
            "count": 831
        },
        "ZombieWalker.Losses.ValueLoss.mean": {
            "value": 1.6853900253772736,
            "min": 0.06060412848989169,
            "max": 20.412822339932124,
            "count": 831
        },
        "ZombieWalker.Losses.ValueLoss.sum": {
            "value": 3.370780050754547,
            "min": 0.06060412848989169,
            "max": 40.82564467986425,
            "count": 831
        },
        "ZombieWalker.Policy.LearningRate.mean": {
            "value": 2.980419006860011e-07,
            "min": 2.980419006860011e-07,
            "max": 0.00029905502431499197,
            "count": 831
        },
        "ZombieWalker.Policy.LearningRate.sum": {
            "value": 5.960838013720022e-07,
            "min": 5.960838013720022e-07,
            "max": 0.0005981100486299839,
            "count": 831
        },
        "ZombieWalker.Policy.Epsilon.mean": {
            "value": 0.100099314,
            "min": 0.100099314,
            "max": 0.199685008,
            "count": 831
        },
        "ZombieWalker.Policy.Epsilon.sum": {
            "value": 0.200198628,
            "min": 0.100222236,
            "max": 0.399370016,
            "count": 831
        },
        "ZombieWalker.Policy.Beta.mean": {
            "value": 1.4955768600000016e-05,
            "min": 1.4955768600000016e-05,
            "max": 0.0049842818992,
            "count": 831
        },
        "ZombieWalker.Policy.Beta.sum": {
            "value": 2.991153720000003e-05,
            "min": 2.1089576399999884e-05,
            "max": 0.0099685637984,
            "count": 831
        }
    },
    "metadata": {
        "timer_format_version": "0.1.0",
        "start_time_seconds": "1715248074",
        "python_version": "3.9.13 (tags/v3.9.13:6de2ca5, May 17 2022, 16:36:42) [MSC v.1929 64 bit (AMD64)]",
        "command_line_arguments": "C:\\Users\\01add\\Documents\\GitHub\\BachelorThesis\\venv\\Scripts\\mlagents-learn config/ZombieWalker.yaml --initialize-from=WalkRandom2 --run-id=upperArmRightRemoval1 --resume",
        "mlagents_version": "0.30.0",
        "mlagents_envs_version": "0.30.0",
        "communication_protocol_version": "1.5.0",
        "pytorch_version": "2.2.0+cpu",
        "numpy_version": "1.21.2",
        "end_time_seconds": "1715285055"
    },
    "total": 36981.3615365,
    "count": 1,
    "self": 0.6232213000039337,
    "children": {
        "run_training.setup": {
            "total": 0.1315786000000001,
            "count": 1,
            "self": 0.1315786000000001
        },
        "TrainerController.start_learning": {
            "total": 36980.6067366,
            "count": 1,
            "self": 65.36014669974975,
            "children": {
                "TrainerController._reset_env": {
                    "total": 9.4457164,
                    "count": 1,
                    "self": 9.4457164
                },
                "TrainerController.advance": {
                    "total": 36905.73229350025,
                    "count": 2622219,
                    "self": 57.219518796940974,
                    "children": {
                        "env_step": {
                            "total": 26906.956218301075,
                            "count": 2622219,
                            "self": 24898.076061199154,
                            "children": {
                                "SubprocessEnvManager._take_step": {
                                    "total": 1972.030297099137,
                                    "count": 2622219,
                                    "self": 122.99628379794194,
                                    "children": {
                                        "TorchPolicy.evaluate": {
                                            "total": 1849.034013301195,
                                            "count": 1559512,
                                            "self": 1849.034013301195
                                        }
                                    }
                                },
                                "workers": {
                                    "total": 36.84986000278546,
                                    "count": 2622219,
                                    "self": 0.0,
                                    "children": {
                                        "worker_root": {
                                            "total": 36895.95791639714,
                                            "count": 2622219,
                                            "is_parallel": true,
                                            "self": 15188.559527996338,
                                            "children": {
                                                "steps_from_proto": {
                                                    "total": 0.0007388999999999868,