{
    "name": "root",
    "gauges": {
        "ZombieWalker.Policy.Entropy.mean": {
            "value": 1.671022653579712,
            "min": 1.4841943979263306,
            "max": 2.313983917236328,
            "count": 2000
        },
        "ZombieWalker.Policy.Entropy.sum": {
            "value": 16843.908203125,
            "min": 14803.556640625,
            "max": 23208.330078125,
            "count": 2000
        },
        "ZombieWalker.Environment.EpisodeLength.mean": {
            "value": 20.474137931034484,
            "min": 7.171031096563011,
            "max": 22.3006993006993,
            "count": 2000
        },
        "ZombieWalker.Environment.EpisodeLength.sum": {
            "value": 9500.0,
            "min": 8763.0,
            "max": 9582.0,
            "count": 2000
        },
        "ZombieWalker.Step.mean": {
            "value": 19999991.0,
            "min": 9988.0,
            "max": 19999991.0,
            "count": 2000
        },
        "ZombieWalker.Step.sum": {
            "value": 19999991.0,
            "min": 9988.0,
            "max": 19999991.0,
            "count": 2000
        },
        "ZombieWalker.Policy.ExtrinsicValueEstimate.mean": {
            "value": -0.6560150384902954,
            "min": -0.9310744404792786,
            "max": -0.6236639022827148,
            "count": 2000
        },
        "ZombieWalker.Policy.ExtrinsicValueEstimate.sum": {
            "value": -305.0469970703125,
            "min": -1120.08251953125,
            "max": -275.378662109375,
            "count": 2000
        },
        "ZombieWalker.Environment.CumulativeReward.mean": {
            "value": -0.7271985343707505,
            "min": -0.9654363422520639,
            "max": -0.7081863245441343,
            "count": 2000
        },
        "ZombieWalker.Environment.CumulativeReward.sum": {
            "value": -338.147318482399,
            "min": -1161.4199197292328,
            "max": -307.79105520248413,
            "count": 2000
        },
        "ZombieWalker.Policy.ExtrinsicReward.mean": {
            "value": -0.7271985343707505,
            "min": -0.9654363422520639,
            "max": -0.7081863245441343,
            "count": 2000
        },
        "ZombieWalker.Policy.ExtrinsicReward.sum": {
            "value": -338.147318482399,
            "min": -1161.4199197292328,
            "max": -307.79105520248413,
            "count": 2000
        },
        "ZombieWalker.Losses.PolicyLoss.mean": {
            "value": 0.2371785669975236,
            "min": 0.22770417060163528,
            "max": 0.2924302001714444,
            "count": 2000
        },
        "ZombieWalker.Losses.PolicyLoss.sum": {
            "value": 20.871713895782076,
            "min": 19.374955161456686,
            "max": 26.227533158425267,
            "count": 2000
        },
        "ZombieWalker.Losses.ValueLoss.mean": {
            "value": 0.0028280931183804893,
            "min": 0.0005042946302333181,
            "max": 159.92691545653904,
            "count": 2000
        },
        "ZombieWalker.Losses.ValueLoss.sum": {
            "value": 0.24887219441748304,
            "min": 0.04488222209076531,
            "max": 14233.495475631973,
            "count": 2000
        },
        "ZombieWalker.Policy.LearningRate.mean": {
            "value": 7.45323615528415e-08,
            "min": 7.45323615528415e-08,
            "max": 0.00029992413365166235,
            "count": 2000
        },
        "ZombieWalker.Policy.LearningRate.sum": {
            "value": 6.558847816650052e-06,
            "min": 6.558847816650052e-06,
            "max": 0.028336146234617943,
            "count": 2000
        },
        "ZombieWalker.Policy.Epsilon.mean": {
            "value": 0.10002481079545454,
            "min": 0.10002481079545454,
            "max": 0.19997471120879118,
            "count": 2000
        },
        "ZombieWalker.Policy.Epsilon.sum": {
            "value": 8.80218335,
            "min": 8.710867755,
            "max": 18.945382059999996,
            "count": 2000
        },
        "ZombieWalker.Policy.Beta.mean": {
            "value": 0.0005000000000000001,
            "min": 0.0005000000000000001,
            "max": 0.0005000000000000001,
            "count": 2000
        },
        "ZombieWalker.Policy.Beta.sum": {
            "value": 0.04400000000000001,
            "min": 0.04250000000000001,
            "max": 0.047500000000000014,
            "count": 2000
        },
        "ZombieWalker.IsTraining.mean": {
            "value": 1.0,
            "min": 1.0,
            "max": 1.0,
            "count": 2000
        },
        "ZombieWalker.IsTraining.sum": {
            "value": 1.0,
            "min": 1.0,
            "max": 1.0,
            "count": 2000
        }
    },
    "metadata": {
        "timer_format_version": "0.1.0",
        "start_time_seconds": "1713951082",
        "python_version": "3.9.13 (tags/v3.9.13:6de2ca5, May 17 2022, 16:36:42) [MSC v.1929 64 bit (AMD64)]",
        "command_line_arguments": "C:\\Github Repositories\\BachelorThesis\\venv\\Scripts\\mlagents-learn config/ZombieWalker.yaml --initialize-from=balance8 --run-id=balance9",
        "mlagents_version": "0.30.0",
        "mlagents_envs_version": "0.30.0",
        "communication_protocol_version": "1.5.0",
        "pytorch_version": "2.2.0+cpu",
        "numpy_version": "1.21.2",
        "end_time_seconds": "1713987382"
    },
    "total": 36299.848010999995,
    "count": 1,
    "self": 0.007017799995082896,
    "children": {
        "run_training.setup": {
            "total": 0.08845479999999917,
            "count": 1,
            "self": 0.08845479999999917
        },
        "TrainerController.start_learning": {
            "total": 36299.7525384,
            "count": 1,
            "self": 29.26802969860728,
            "children": {
                "TrainerController._reset_env": {
                    "total": 8.976829100000002,
                    "count": 1,
                    "self": 8.976829100000002
                },
                "TrainerController.advance": {
                    "total": 36261.46732040139,
                    "count": 2081207,
                    "self": 25.10328970032424,
                    "children": {
                        "env_step": {
                            "total": 11448.835586499346,
                            "count": 2081207,
                            "self": 10726.115012297829,
                            "children": {
                                "SubprocessEnvManager._take_step": {
                                    "total": 705.8273834028487,
                                    "count": 2081207,
                                    "self": 55.76906880271167,
                                    "children": {
                                        "TorchPolicy.evaluate": {
                                            "total": 650.058314600137,
                                            "count": 1250013,
                                            "self": 650.058314600137
                                        }
                                    }
                                },
                                "workers": {
                                    "total": 16.89319079866835,
                                    "count": 2081207,
                                    "self": 0.0,
                                    "children": {
                                        "worker_root": {
                                            "total": 36258.86109849887,
                                            "count": 2081207,
                                            "is_parallel": true,
                                            "self": 27058.092605098904,
                                            "children": {
                                                "steps_from_proto": {
                                                    "total": 0.0005705999999996436,