{
    "name": "root",
    "gauges": {
        "ZombieWalker.Policy.Entropy.mean": {
            "value": -0.501487672328949,
            "min": -0.5015084147453308,
            "max": 0.4624716639518738,
            "count": 500
        },
        "ZombieWalker.Policy.Entropy.sum": {
            "value": -4966.73388671875,
            "min": -5118.04443359375,
            "max": 4610.9013671875,
            "count": 500
        },
        "ZombieWalker.Environment.EpisodeLength.mean": {
            "value": 913.0714285714286,
            "min": 239.5,
            "max": 999.0,
            "count": 500
        },
        "ZombieWalker.Environment.EpisodeLength.sum": {
            "value": 12783.0,
            "min": 479.0,
            "max": 14793.0,
            "count": 500
        },
        "ZombieWalker.Step.mean": {
            "value": 4999944.0,
            "min": 9953.0,
            "max": 4999944.0,
            "count": 500
        },
        "ZombieWalker.Step.sum": {
            "value": 4999944.0,
            "min": 9953.0,
            "max": 4999944.0,
            "count": 500
        },
        "ZombieWalker.Policy.ExtrinsicValueEstimate.mean": {
            "value": 0.0052800290286540985,
            "min": -0.09592385590076447,
            "max": 0.07057991623878479,
            "count": 500
        },
        "ZombieWalker.Policy.ExtrinsicValueEstimate.sum": {
            "value": 0.8553646802902222,
            "min": -15.827436447143555,
            "max": 11.575105667114258,
            "count": 500
        },
        "ZombieWalker.Environment.CumulativeReward.mean": {
            "value": 0.0,
            "min": -0.4444444444444444,
            "max": 0.4,
            "count": 500
        },
        "ZombieWalker.Environment.CumulativeReward.sum": {
            "value": 0.0,
            "min": -6.0,
            "max": 6.0,
            "count": 500
        },
        "ZombieWalker.Policy.ExtrinsicReward.mean": {
            "value": 0.0,
            "min": -0.4444444444444444,
            "max": 0.4,
            "count": 500
        },
        "ZombieWalker.Policy.ExtrinsicReward.sum": {
            "value": 0.0,
            "min": -6.0,
            "max": 6.0,
            "count": 500
        },
        "ZombieWalker.Losses.PolicyLoss.mean": {
            "value": 0.2430137954242333,
            "min": 0.22269114972269655,
            "max": 0.25347064720173673,
            "count": 500
        },
        "ZombieWalker.Losses.PolicyLoss.sum": {
            "value": 19.19808983851443,
            "min": 2.449602646949662,
            "max": 20.08143630936797,
            "count": 500
        },
        "ZombieWalker.Losses.ValueLoss.mean": {
            "value": 0.0012977308204264483,
            "min": 8.982913300814755e-07,
            "max": 6.22497854064026,
            "count": 500
        },
        "ZombieWalker.Losses.ValueLoss.sum": {
            "value": 0.10252073481368942,
            "min": 7.006672374635509e-05,
            "max": 460.64841200737925,
            "count": 500
        },
        "ZombieWalker.Policy.LearningRate.mean": {
            "value": 3.036262279384806e-07,
            "min": 3.036262279384806e-07,
            "max": 0.0002996562873872982,
            "count": 500
        },
        "ZombieWalker.Policy.LearningRate.sum": {
            "value": 2.3986472007139968e-05,
            "min": 2.3986472007139968e-05,
            "max": 0.022823033992322102,
            "count": 500
        },
        "ZombieWalker.Policy.Epsilon.mean": {
            "value": 0.10010117544303798,
            "min": 0.10010117544303798,
            "max": 0.19988542909090912,
            "count": 500
        },
        "ZombieWalker.Policy.Epsilon.sum": {
            "value": 7.90799286,
            "min": 2.1987397200000003,
            "max": 15.507677900000003,
            "count": 500
        },
        "ZombieWalker.Policy.Beta.mean": {
            "value": 0.0005000000000000001,
            "min": 0.0005,
            "max": 0.0005000000000000001,
            "count": 500
        },
        "ZombieWalker.Policy.Beta.sum": {
            "value": 0.03950000000000001,
            "min": 0.005500000000000001,
            "max": 0.04050000000000001,
            "count": 500
        },
        "ZombieWalker.IsTraining.mean": {
            "value": 1.0,
            "min": 1.0,
            "max": 1.0,
            "count": 500
        },
        "ZombieWalker.IsTraining.sum": {
            "value": 1.0,
            "min": 1.0,
            "max": 1.0,
            "count": 500
        }
    },
    "metadata": {
        "timer_format_version": "0.1.0",
        "start_time_seconds": "1713171066",
        "python_version": "3.9.13 (tags/v3.9.13:6de2ca5, May 17 2022, 16:36:42) [MSC v.1929 64 bit (AMD64)]",
        "command_line_arguments": "C:\\Github Repositories\\BachelorThesis\\venv\\Scripts\\mlagents-learn config/ZombieWalker.yaml --initialize-from=fresh12 --run-id=large1",
        "mlagents_version": "0.30.0",
        "mlagents_envs_version": "0.30.0",
        "communication_protocol_version": "1.5.0",
        "pytorch_version": "2.2.0+cpu",
        "numpy_version": "1.21.2",
        "end_time_seconds": "1713179359"
    },
    "total": 8293.7715775,
    "count": 1,
    "self": 0.006814799999119714,
    "children": {
        "run_training.setup": {
            "total": 0.09394079999999994,
            "count": 1,
            "self": 0.09394079999999994
        },
        "TrainerController.start_learning": {
            "total": 8293.670821900001,
            "count": 1,
            "self": 4.6732555001362925,
            "children": {
                "TrainerController._reset_env": {
                    "total": 7.033274200000001,
                    "count": 1,
                    "self": 7.033274200000001
                },
                "TrainerController.advance": {
                    "total": 8281.929427499865,
                    "count": 317058,
                    "self": 4.049063599864894,
                    "children": {
                        "env_step": {
                            "total": 2588.065651600067,
                            "count": 317058,
                            "self": 2386.1685863004404,
                            "children": {
                                "SubprocessEnvManager._take_step": {
                                    "total": 199.14017589974193,
                                    "count": 317058,
                                    "self": 13.996739499746724,
                                    "children": {
                                        "TorchPolicy.evaluate": {
                                            "total": 185.1434363999952,
                                            "count": 312528,
                                            "self": 185.1434363999952
                                        }
                                    }
                                },
                                "workers": {
                                    "total": 2.7568893998848676,
                                    "count": 317058,
                                    "self": 0.0,
                                    "children": {
                                        "worker_root": {
                                            "total": 8281.974899700128,
                                            "count": 317058,
                                            "is_parallel": true,
                                            "self": 6181.812810200105,
                                            "children": {
                                                "steps_from_proto": {
                                                    "total": 0.0005885000000001028,
                                                    "count": 1,
                                                    "is_parallel": true,